mlsfc,fclt_name,sgnr_nm,legalemd_nm
공공도서관,서울특별시교육청강남도서관,강남구,삼성동
공공도서관,서울특별시교육청개포도서관,강남구,개포동
공공도서관,서울특별시교육청강동도서관,강동구,길동
공공도서관,서울특별시교육청고덕평생학습관,강동구,고덕동
공공도서관,서울특별시교육청강서도서관,강서구,등촌동
공공도서관,서울특별시교육청고척도서관,구로구,고척동
공공도서관,서울특별시교육청구로도서관,구로구,구로동
공공도서관,서울특별시교육청노원평생학습관,노원구,중계동
공공도서관,서울특별시교육청도봉도서관,도봉구,쌍문동
공공도서관,서울특별시교육청동대문도서관,동대문구,신설동
공공도서관,서울특별시교육청동작도서관,동작구,노량진동
공공도서관,서울특별시교육청마포평생학습관,마포구,아현동
공공도서관,서울특별시교육청마포평생학습관 아현분관,마포구,아현동
공공도서관,서울특별시교육청서대문도서관,서대문구,현저동
공공도서관,서울특별시교육청송파도서관,송파구,오금동
공공도서관,서울특별시교육청양천도서관,양천구,목동
공공도서관,서울특별시교육청영등포평생학습관,영등포구,당산동
공공도서관,서울특별시교육청남산도서관,용산구,후암동
공공도서관,서울특별시교육청용산도서관,용산구,후암동
공공도서관,서울특별시교육청어린이도서관,종로구,사직동
공공도서관,서울특별시교육청정독도서관,종로구,화동
공공도서관,서울특별시교육청종로도서관,종로구,사직동
공공도서관,명성교회도서관,강동구,명일동
공공도서관,가락몰도서관,송파구,가락동
공공도서관,지샘터 올림픽공원도서관,송파구,방이동
공공도서관,4.19 혁명기념 도서관,종로구,평동
공공도서관,한국학생도서관,중구,묵정동
공공도서관,강남 역삼 푸른솔 도서관,강남구,역삼동
공공도서관,강남구립못골도서관,강남구,자곡동
공공도서관,논현도서관,강남구,논현동
공공도서관,대치도서관,강남구,대치동
공공도서관,도곡정보문화도서관,강남구,도곡동
공공도서관,못골한옥어린이도서관,강남구,자곡동
공공도서관,역삼도서관,강남구,역삼동
공공도서관,정다운도서관,강남구,심곡동
공공도서관,즐거운도서관,강남구,대치동
공공도서관,청담도서관,강남구,청담동
공공도서관,행복한도서관,강남구,대치동
공공도서관,강동구립강일도서관,강동구,강일동
공공도서관,강동구립성내도서관,강동구,성내동
공공도서관,강동구립암사도서관,강동구,암사동
공공도서관,강동구립천호도서관,강동구,천호동
공공도서관,강동구립해공도서관,강동구,천호동
공공도서관,강북문화정보도서관,강북구,번동
공공도서관,강북청소년문화정보도서관,강북구,미아동
공공도서관,미아문화정보도서관,강북구,미아동
공공도서관,삼각산어린이도서관,강북구,미아동
공공도서관,솔샘문화정보도서관,강북구,미아동
공공도서관,송중문화정보도서관,강북구,미아동
공공도서관,수유문화정보도서관,강북구,수유동
공공도서관,강서구립 곰달래도서관,강서구,화곡동
공공도서관,강서구립 등빛도서관,강서구,등촌동
공공도서관,강서구립가양도서관,강서구,화곡동
공공도서관,강서구립우장산숲속도서관,강서구,화곡동
공공도서관,강서길꽃어린이도서관,강서구,방화동
공공도서관,강서꿈꾸는어린이도서관,강서구,염창동
공공도서관,강서영어도서관,강서구,화곡동
공공도서관,강서푸른들청소년도서관,강서구,화곡동
공공도서관,글빛정보도서관,관악구,봉천동
공공도서관,성현동작은도서관,관악구,봉천동
공공도서관,은천동작은도서관,관악구,봉천동
공공도서관,조원도서관,관악구,신림동
공공도서관,광진정보도서관,광진구,광장동
공공도서관,구의제3동도서관,광진구,구의동
공공도서관,자양제4동도서관,광진구,자양동
공공도서관,중곡문화체육센터도서관,광진구,중곡동
공공도서관,개봉도서관,구로구,개봉동
공공도서관,개봉어린이도서관,구로구,개봉동
공공도서관,구로구립 온누리도서관,구로구,구로동
공공도서관,구로꿈나무도서관,구로구,구로동
공공도서관,궁동어린이도서관,구로구,궁동
공공도서관,글마루한옥어린이도서관,구로구,개봉동
공공도서관,꿈마을 도서관,구로구,구로동
공공도서관,하늘도서관,구로구,구로동
공공도서관,금천구립가산도서관,금천구,가산동
공공도서관,금천구립금나래도서관,금천구,시흥동
공공도서관,금천구립독산도서관,금천구,독산동
공공도서관,금천구립시흥도서관,금천구,시흥동
공공도서관,공릉행복발전소,노원구,공릉동
공공도서관,노원어린이도서관,노원구,중계동
공공도서관,노원정보도서관,노원구,상계동
공공도서관,불암도서관,노원구,중계동
공공도서관,상계문화정보도서관,노원구,상계동
공공도서관,월계문화정보도서관,노원구,월계동
공공도서관,월계어린이도서관,노원구,월계동
공공도서관,한내지혜의 숲 도서관,노원구,월계동
공공도서관,향기나무도서관,노원구,중계동
공공도서관,화랑도서관,노원구,공릉동
공공도서관,도봉기적의도서관,도봉구,도봉동
공공도서관,도봉문화정보도서관,도봉구,창동
공공도서관,도봉아이나라도서관,도봉구,창동
공공도서관,둘리도서관,도봉구,쌍문동
공공도서관,학마을도서관,도봉구,방학동
공공도서관,동대문구 답십리 도서관,동대문구,답십리동
공공도서관,동대문구정보화도서관,동대문구,청량리동
공공도서관,휘경어린이도서관,동대문구,휘경동
공공도서관,대방어린이도서관,동작구,대방동
공공도서관,동작상도국주도서관,동작구,상도1동
공공도서관,동작어린이도서관,동작구,노량진동
공공도서관,사당솔밭도서관,동작구,사당동
공공도서관,약수도서관,동작구,상도동
공공도서관,마포구립서강도서관,마포구,창전동
공공도서관,마포구립하늘도서관,마포구,성산동
공공도서관,마포중앙도서관,마포구,성산동
공공도서관,마포푸르메어린이도서관,마포구,상암동
공공도서관,서대문구립이진아기념도서관,서대문구,현저동
공공도서관,방배도서관,서초구,방배동
공공도서관,서이도서관,서초구,서초동
공공도서관,서초구립내곡도서관,서초구,신원동
공공도서관,서초구립반포도서관,서초구,반포동
공공도서관,서초그림책도서관,서초구,서초동
공공도서관,잠원도서관,서초구,잠원동
공공도서관,성동구립금호도서관,성동구,금호동1가
공공도서관,성동구립도서관,성동구,행당동
공공도서관,성동구립무지개도서관,성동구,행당동
공공도서관,성동구립성수도서관,성동구,성수동1가
공공도서관,성동구립용답도서관,성동구,용답동
공공도서관,성동구립청계도서관,성동구,상왕십리동
공공도서관,달빛마루도서관,성북구,하월곡동
공공도서관,석관동미리내도서관,성북구,용답동
공공도서관,성북구립 청수도서관,성북구,정릉동
공공도서관,성북정보도서관,성북구,상월곡동
공공도서관,아리랑도서관,성북구,돈암동
공공도서관,아리랑어린이도서관,성북구,돈암동
공공도서관,월곡꿈그림도서관,성북구,하월곡동
공공도서관,정릉도서관,성북구,정릉동
공공도서관,종암동새날도서관,성북구,종암동
공공도서관,해오름도서관,성북구,풍덕천동
공공도서관,거마도서관,송파구,거여동
공공도서관,돌마리도서관,송파구,석촌동
공공도서관,소나무언덕2호작은도서관,송파구,잠실동
공공도서관,소나무언덕3호 작은도서관,송파구,마천동
공공도서관,소나무언덕잠실본동작은도서관,송파구,잠실동
공공도서관,송파글마루도서관,송파구,장지동
공공도서관,송파어린이도서관,송파구,잠실동
공공도서관,송파어린이영어작은도서관,송파구,잠실동
공공도서관,송파위례도서관,송파구,장지동
공공도서관,갈산도서관,양천구,갈산동
공공도서관,미감도서관,양천구,목동
공공도서관,방아다리문학도서관,양천구,신월동
공공도서관,양천구 영어특성화도서관,양천구,신정동
공공도서관,대림정보문화도서관,영등포구,대림동
공공도서관,문래정보문화도서관,영등포구,문래동3가
공공도서관,선유정보문화도서관,영등포구,양평동3가
공공도서관,용산 꿈나무도서관,용산구,원효로1가
공공도서관,청파도서관,용산구,서계동
공공도서관,구립구산동도서관마을,은평구,구산동
공공도서관,구립은평뉴타운도서관,은평구,진관동
공공도서관,구립증산정보도서관,은평구,증산동
공공도서관,내를건너서숲으로도서관,은평구,신사동
공공도서관,상림마을작은도서관,은평구,진관동
공공도서관,은평구립도서관,은평구,불광동
공공도서관,응암정보도서관,은평구,응암동
공공도서관,아름꿈 도서관,종로구,숭인동
공공도서관,어린이청소년국학도서관,종로구,명륜3가
공공도서관,청운문학도서관,종로구,청운동
공공도서관,가온도서관,중구,신당동
공공도서관,남산타운문화체육센터 어린이도서관,중구,신당동
공공도서관,서울도서관,중구,태평로1가
공공도서관,어울림도서관,중구,신당동
공공도서관,양원숲속도서관,중랑구,망우동
공공도서관,중랑구립면목정보도서관,중랑구,면목동
공공도서관,중랑구립정보도서관,중랑구,묵동
공공도서관,중랑숲어린이도서관,중랑구,망우동
공공도서관,부산광역시립서동도서관,금정구,서동
공공도서관,부산광역시립중앙도서관수정분관,동구,수정동
공공도서관,부산광역시립명장도서관,동래구,명장동
공공도서관,부산광역시립부전도서관,부산진구,부전동
공공도서관,부산광역시립시민도서관,부산진구,초읍동
공공도서관,부산광역시립중앙도서관분관부산영어도서관,부산진구,부전동
공공도서관,부산광역시립구포도서관,북구,구포동
공공도서관,부산광역시립사하도서관,사하구,괴정동
공공도서관,부산광역시립구덕도서관,서구,서대신동3가
공공도서관,부산광역시립연산도서관,연제구,연산동
공공도서관,부산광역시립중앙도서관,중구,보수동1가
공공도서관,부산광역시립반송도서관,해운대구,반송동
공공도서관,부산광역시립해운대도서관,해운대구,좌동
공공도서관,맨발동무도서관,북구,화명동
공공도서관,느티나무도서관,해운대구,동천동
공공도서관,강서기적의도서관,강서구,신도림동
공공도서관,부산강서도서관,강서구,대저2동
공공도서관,금정도서관,금정구,청룡동
공공도서관,기장도서관,기장군,기장읍 동부리
공공도서관,기장디지털도서관,기장군,기장읍 신천리
공공도서관,대라다목적도서관,기장군,기장읍 대라리
공공도서관,정관도서관,기장군,정관읍 방곡리
공공도서관,정관어린이도서관,기장군,정관읍 매학리
공공도서관,남구도서관,남구,대연동
공공도서관,부산광역시 남구 분포도서관,남구,용호동
공공도서관,동구도서관,동구,범일동
공공도서관,동래읍성도서관,동래구,칠산동
공공도서관,안락누리도서관,동래구,안락동
공공도서관,부산진구어린이청소년도서관,부산진구,부암동
공공도서관,금곡도서관,북구,금곡동
공공도서관,부산북구디지털도서관,북구,만덕동
공공도서관,화명도서관,북구,화명동
공공도서관,사상도서관,사상구,덕포동
공공도서관,다대도서관,사하구,다대동
공공도서관,수영구도서관,수영구,남천동
공공도서관,수영구도서관 망미분관,수영구,망미동
공공도서관,연제도서관,연제구,연산동
공공도서관,영도도서관,영도구,동삼동
공공도서관,영도어린이영어도서관,영도구,수정동
공공도서관,반여도서관,해운대구,반여동
공공도서관,재송어린이도서관,해운대구,재송동
공공도서관,해운대인문학도서관,해운대구,반여동
공공도서관,대구광역시립남부도서관,남구,대명동
공공도서관,대구광역시립두류도서관,달서구,두류동
공공도서관,대구광역시립달성도서관,달성군,현풍읍 부리
공공도서관,대구광역시립동부도서관,동구,신암동
공공도서관,대구광역시립북부도서관,북구,침산동
공공도서관,대구광역시립서부도서관,서구,평리동
공공도서관,대구광역시립수성도서관,수성구,만촌동
공공도서관,대구광역시립중앙도서관,중구,동인동2가
공공도서관,새벗도서관,달서구,상인동
공공도서관,푸른초장공공도서관,달서구,파호동
공공도서관,비전도서관,달성군,당감동
공공도서관,한들마을도서관,동구,지묘동
공공도서관,꿈꾸는마을도서관 도토리,북구,구암동
공공도서관,더불어 숲,북구,김량장동
공공도서관,사립공공 연암도서관,북구,산격동
공공도서관,대명어울림도서관,남구,대명동
공공도서관,이천 어울림 도서관,남구,이천동
공공도서관,달서가족문화도서관,달서구,대천동
공공도서관,달서구립도원도서관,달서구,도원동
공공도서관,달서구립본리도서관,달서구,본리동
공공도서관,달서구립성서도서관,달서구,이곡동
공공도서관,달서어린이도서관,달서구,상인동
공공도서관,달성군립도서관,달성군,다사읍 죽곡리
공공도서관,대구 동구 신천도서관,동구,신천동
공공도서관,동구구립 안심도서관,동구,율하동
공공도서관,구수산도서관,북구,읍내동
공공도서관,대구광역시북구대현도서관,북구,대현동
공공도서관,대구북구태전도서관,북구,태전동
공공도서관,비원도서관,서구,비산동
공공도서관,서구 비산도서관,서구,비산동
공공도서관,서구어린이도서관,서구,정림동
공공도서관,원고개도서관,서구,비산동
공공도서관,수성구립 물망이도서관,수성구,수성동3가
공공도서관,수성구립 용학도서관,수성구,범물동
공공도서관,수성구립 책숲길도서관,수성구,중동
공공도서관,수성구립 파동도서관,수성구,파동
공공도서관,수성구립고산도서관,수성구,신매동
공공도서관,수성구립범어도서관,수성구,범어동
공공도서관,2.28민주운동기념회관(도서관),중구,남산동
공공도서관,강화군립도서관,강화군,강화읍 관청리
공공도서관,내가도서관,강화군,내가면 고천리
공공도서관,동양도서관,계양구,동양동
공공도서관,서운도서관,계양구,서운동
공공도서관,작전도서관,계양구,작전동
공공도서관,효성도서관,계양구,효성동
공공도서관,관교어린이도서관,남구,관교동
공공도서관,독정골어린이도서관,남구,용현동
공공도서관,숭의어린이도서관,남구,숭의동
공공도서관,쑥골어린이도서관,남구,도화동
공공도서관,인천광역시립수봉도서관,남구,도화동
공공도서관,장사래어린이도서관,남구,숭의동
공공도서관,학나래도서관,남구,학익동
공공도서관,서창도서관,남동구,서창동
공공도서관,소래도서관,남동구,논현동
공공도서관,인천광역시미추홀도서관,남동구,구월동
공공도서관,송림도서관,동구,송림동
공공도서관,갈산도서관,부평구,갈산동
공공도서관,부개도서관,부평구,부개동
공공도서관,부개어린이도서관,부평구,부개동
공공도서관,부평기적의도서관,부평구,부개동
공공도서관,삼산도서관,부평구,삼산동
공공도서관,청천도서관,부평구,청천동
공공도서관,검단도서관,서구,마전동
공공도서관,검암도서관,서구,검암동
공공도서관,석남도서관,서구,석남동
공공도서관,신석도서관,서구,석남동
공공도서관,심곡도서관,서구,심곡동
공공도서관,청라국제도서관,서구,청라동
공공도서관,청라호수도서관,서구,청라동
공공도서관,선학별빛도서관,연수구,선학동
공공도서관,송도국제기구도서관,연수구,송도동
공공도서관,송도국제어린이도서관,연수구,송도동
공공도서관,연수어린이도서관,연수구,동춘동
공공도서관,연수청학도서관,연수구,청학동
공공도서관,해돋이도서관,연수구,송도동
공공도서관,백령도서관,옹진군,백령면 진촌리
공공도서관,꿈벗도서관,중구,송학동3가
공공도서관,영종하늘도서관,중구,중산동
공공도서관,인천광역시 율목도서관,중구,율목동
공공도서관,인천광역시립영종도서관,중구,운서동
공공도서관,광주송정도서관,광산구,소촌동
공공도서관,금호평생교육관,남구,월산동
공공도서관,광주중앙도서관,동구,동명동
공공도서관,광주중앙도서관 분관 석봉도서관,북구,매곡동
공공도서관,광주학생교육문화회관,서구,쌍촌동
공공도서관,광주학생독립운동기념회관,서구,화정동
공공도서관,신가도서관,광산구,신가동
공공도서관,운남어린이도서관,광산구,운남동
공공도서관,이야기꽃도서관,광산구,선암동
공공도서관,장덕도서관,광산구,장덕동
공공도서관,첨단도서관,광산구,월계동
공공도서관,광주광역시립사직도서관,남구,양림동
공공도서관,광주남구문화정보도서관,남구,봉선동
공공도서관,광주남구푸른길도서관,남구,주월동
공공도서관,남구 청소년도서관,남구,가좌동
공공도서관,계림꿈나무도서관,동구,계림동
공공도서관,광주광역시립산수도서관,동구,산수동
공공도서관,광주광역시립무등도서관,북구,우산동
공공도서관,광주북구운암도서관,북구,운암동
공공도서관,광주북구일곡도서관,북구,일곡동
공공도서관,광주서구공공도서관,서구,금호동
공공도서관,상록도서관,서구,농성동
공공도서관,어린이생태학습도서관,서구,풍암동
공공도서관,대전학생교육문화원,중구,목동
공공도서관,대전학생교육문화원 부설 산성도서관,중구,사정동
공공도서관,가양도서관,동구,가양동
공공도서관,대전동구가오도서관,동구,가오동
공공도서관,대전동구성남도서관,동구,성남동
공공도서관,대전동구용운도서관,동구,용운동
공공도서관,대전동구판암도서관,동구,판암동
공공도서관,무지개도서관,동구,복대동
공공도서관,자양도서관,동구,자양동
공공도서관,홍도도서관,동구,홍도동
공공도서관,가수원도서관,서구,가수원동
공공도서관,갈마도서관,서구,갈마동
공공도서관,대전둔산도서관,서구,둔산동
공공도서관,서구어린이도서관,서구,정림동
공공도서관,관평도서관,유성구,관평동
공공도서관,구암도서관,유성구,구암동
공공도서관,구즉도서관,유성구,송강동
공공도서관,노은도서관,유성구,지족동
공공도서관,유성도서관,유성구,가정동
공공도서관,진잠도서관,유성구,원내동
공공도서관,대전광역시한밭도서관,중구,문화동
공공도서관,울산남부도서관,남구,옥동
공공도서관,울산동부도서관,동구,서부동
공공도서관,울주도서관,울주군,언양읍 어음리
공공도서관,울산중부도서관,중구,성남동
공공도서관,옥현어린이도서관,남구,무거동
공공도서관,울산남구도산도서관,남구,야음동
공공도서관,울산남구신복도서관,남구,무거동
공공도서관,울산도서관,남구,여천동
공공도서관,농소1동도서관,북구,호계동
공공도서관,매곡도서관,북구,매곡동
공공도서관,명촌어린이도서관,북구,명촌동
공공도서관,염포양정도서관,북구,염포동
공공도서관,울산농소3동도서관,북구,천곡동
공공도서관,울산북구기적의도서관,북구,중산동
공공도서관,울산북구중앙도서관,북구,연암동
공공도서관,울주선바위도서관,울주군,범서읍 구영리
공공도서관,울주옹기종기도서관,울주군,온양읍 운화리
공공도서관,약숫골도서관,중구,약사동
공공도서관,세종특별자치시평생교육학습관,세종시,조치원읍 침산리
공공도서관,고운동도서관,세종시,고운동
공공도서관,대평동도서관,세종시,대평동
공공도서관,도담동도서관,세종시,어진동
공공도서관,보람동도서관,세종시,보람동
공공도서관,새롬동도서관,세종시,새롬동
공공도서관,소담동도서관,세종시,보람동
공공도서관,아름동도서관,세종시,아름동
공공도서관,종촌동도서관,세종시,종촌동
공공도서관,한솔동도서관,세종시,한솔동
공공도서관,경기과천교육도서관,과천시,별양동
공공도서관,경기광주교육도서관,광주시,경안동
공공도서관,경기김포교육도서관,김포시,사우동
공공도서관,경기성남교육도서관,성남시 수정구,신흥동
공공도서관,경기평생교육학습관,수원시 권선구,권선동
공공도서관,경기중앙교육도서관,수원시 장안구,조원동
공공도서관,경기여주가남교육도서관,여주시,가남읍 태평리
공공도서관,경기의정부교육도서관,의정부시,녹양동
공공도서관,경기평택교육도서관,평택시,서정동
공공도서관,경기포천교육도서관,포천시,신읍동
공공도서관,경기화성교육도서관,화성시,향남읍 도이리
공공도서관,만화도서관,부천시 원미구,녹번동
공공도서관,부천예술정보도서관 다감,부천시 원미구,상동
공공도서관,화홍어린이도서관,수원시 팔달구,북수동
공공도서관,느티나무도서관,용인시 수지구,동천동
공공도서관,가평군립청평도서관,가평군,청평면 청평리
공공도서관,가평군조종도서관,가평군,조종면 현리
공공도서관,가평군중앙도서관,가평군,가평읍 읍내리
공공도서관,설악도서관,가평군,설악면 신천리
공공도서관,고양시립 신원도서관,고양시 덕양구,신원동
공공도서관,고양시립삼송도서관,고양시 덕양구,삼송동
공공도서관,고양시립원당도서관,고양시 덕양구,성사동
공공도서관,고양시립행신도서관,고양시 덕양구,행신동
공공도서관,고양시립행신어린이도서관,고양시 덕양구,행신동
공공도서관,고양시립화정도서관,고양시 덕양구,화정동
공공도서관,고양시립화정어린이도서관,고양시 덕양구,화정동
공공도서관,고양시립마두도서관,고양시 일산동구,마두동
공공도서관,고양시립백석도서관,고양시 일산동구,백석동
공공도서관,고양시립식사도서관,고양시 일산동구,식사동
공공도서관,고양시립아람누리도서관,고양시 일산동구,마두동
공공도서관,고양시립풍동도서관,고양시 일산동구,풍동
공공도서관,고양시립가좌도서관,고양시 일산서구,가좌동
공공도서관,고양시립대화도서관,고양시 일산서구,대화동
공공도서관,고양시립덕이도서관,고양시 일산서구,덕이동
공공도서관,고양시립주엽어린이도서관,고양시 일산서구,주엽동
공공도서관,고양시립한뫼도서관,고양시 일산서구,일산동
공공도서관,과천시문원도서관,과천시,문원동
공공도서관,과천시정보과학도서관,과천시,갈현동
공공도서관,광명시 광명도서관,광명시,광명동
공공도서관,광명시소하도서관,광명시,소하동
공공도서관,광명시철산도서관,광명시,철산동
공공도서관,광명시충현도서관,광명시,소하동
공공도서관,광명시하안도서관,광명시,하안동
공공도서관,곤지암도서관,광주시,곤지암읍 곤지암리
공공도서관,광주시립중앙도서관,광주시,경안동
공공도서관,능평도서관,광주시,오포읍 능평리
공공도서관,오포도서관,광주시,오포읍 고산리
공공도서관,초월도서관,광주시,초월읍 대쌍령리
공공도서관,구리시교문도서관,구리시,교문동
공공도서관,구리시립토평도서관,구리시,토평동
공공도서관,구리시인창도서관,구리시,인창동
공공도서관,군포부곡도서관,군포시,부곡동
공공도서관,군포시 당동도서관,군포시,당동
공공도서관,군포시 대야도서관,군포시,대야미동
공공도서관,군포시 산본도서관,군포시,산본동
공공도서관,군포시 어린이도서관,군포시,산본동
공공도서관,군포시 중앙도서관,군포시,산본동
공공도서관,고촌도서관,김포시,고촌읍 신곡리
공공도서관,김포시 통진도서관,김포시,통진읍 서암리
공공도서관,양곡도서관,김포시,양촌읍 양곡리
공공도서관,중봉도서관,김포시,북변동
공공도서관,남양주시 호평도서관,남양주시,호평동
공공도서관,남양주시도농도서관,남양주시,다산동
공공도서관,남양주시별내도서관,남양주시,별내면 청학리
공공도서관,남양주시오남도서관,남양주시,오남읍 양지리
공공도서관,남양주시와부도서관,남양주시,와부읍 덕소리
공공도서관,남양주시진건도서관,남양주시,진건읍 사능리
공공도서관,남양주시진접도서관,남양주시,진접읍 장현리
공공도서관,남양주시진접푸른숲도서관,남양주시,진접읍 금곡리
공공도서관,남양주시퇴계원도서관,남양주시,퇴계원읍 퇴계원리
공공도서관,남양주시평내도서관,남양주시,평내동
공공도서관,남양주시화도도서관,남양주시,화도읍 창현리
공공도서관,별빛도서관,남양주시,별내동
공공도서관,동두천꿈나무정보도서관,동두천시,지행동
공공도서관,동두천시립도서관,동두천시,상패동
공공도서관,부천시립송내도서관,부천시 소사구,송내동
공공도서관,부천시립심곡도서관,부천시 소사구,심곡본동
공공도서관,부천시립한울빛도서관,부천시 소사구,소사본동
공공도서관,부천시립꿈여울도서관,부천시 오정구,작동
공공도서관,부천시립오정도서관,부천시 오정구,오정동
공공도서관,부천시립꿈빛도서관,부천시 원미구,중동
공공도서관,부천시립도당도서관,부천시 원미구,도당동
공공도서관,부천시립동화도서관,부천시 원미구,상동
공공도서관,부천시립북부도서관,부천시 원미구,도당동
공공도서관,부천시립상동도서관,부천시 원미구,상동
공공도서관,부천시립원미도서관,부천시 원미구,원미동
공공도서관,부천시립책마루도서관,부천시 원미구,중동
공공도서관,해밀도서관,부천시 원미구,중동
공공도서관,성남시구미도서관,성남시 분당구,구미동
공공도서관,성남시무지개도서관,성남시 분당구,구미동
공공도서관,성남시분당도서관,성남시 분당구,정자동
공공도서관,성남시운중도서관,성남시 분당구,운중동
공공도서관,성남시중앙도서관,성남시 분당구,야탑동
공공도서관,성남시판교어린이도서관,성남시 분당구,백현동
공공도서관,판교도서관,성남시 분당구,판교동
공공도서관,논골도서관,성남시 수정구,단대동
공공도서관,성남시수정도서관,성남시 수정구,산성동
공공도서관,성남시중원도서관,성남시 중원구,성남동
공공도서관,성남시중원어린이도서관,성남시 중원구,금광동
공공도서관,해오름도서관,성남시 중원구,풍덕천동
공공도서관,수원시버드내도서관,수원시 권선구,세류동
공공도서관,수원시서수원도서관,수원시 권선구,탑동
공공도서관,수원시한림도서관,수원시 권선구,권선동
공공도서관,수원시호매실도서관,수원시 권선구,호매실동
공공도서관,지혜샘어린이도서관,수원시 권선구,화순읍 일심리
공공도서관,희망샘도서관,수원시 권선구,고색동
공공도서관,바른샘어린이도서관,수원시 영통구,매탄동
공공도서관,반달어린이도서관,수원시 영통구,영통동
공공도서관,사랑샘도서관,수원시 영통구,이의동
공공도서관,수원시광교푸른숲도서관,수원시 영통구,하동
공공도서관,수원시광교홍재도서관,수원시 영통구,이의동
공공도서관,수원시매여울도서관,수원시 영통구,매탄동
공공도서관,수원시영통도서관,수원시 영통구,영통동
공공도서관,수원시태장마루도서관,수원시 영통구,망포동
공공도서관,수원시대추골도서관,수원시 장안구,조원동
공공도서관,수원시북수원도서관,수원시 장안구,정자동
공공도서관,수원시일월도서관,수원시 장안구,천천동
공공도서관,슬기샘어린이도서관,수원시 장안구,송죽동
공공도서관,수원시선경도서관,수원시 팔달구,신풍동
공공도서관,수원시중앙도서관,수원시 팔달구,교동
공공도서관,수원시창룡도서관,수원시 팔달구,우만동
공공도서관,수원시화서다산도서관,수원시 팔달구,화서동
공공도서관,한아름도서관 (수원청소년문화센터내),수원시 팔달구,인계동
공공도서관,시흥시군자도서관,시흥시,거모동
공공도서관,시흥시능곡도서관,시흥시,능곡동
공공도서관,시흥시대야도서관,시흥시,대야동
공공도서관,시흥시대야어린이도서관,시흥시,대야동
공공도서관,시흥시매화도서관,시흥시,매화동
공공도서관,시흥시신천도서관,시흥시,신천동
공공도서관,시흥시장곡도서관,시흥시,장곡동
공공도서관,시흥시중앙도서관,시흥시,정왕동
공공도서관,월곶도서관,시흥시,월곶동
공공도서관,정왕어린이도서관,시흥시,정왕동
공공도서관,대부도서관,안산시 단원구,대부북동
공공도서관,선부도서관,안산시 단원구,선부동
공공도서관,안산단원어린이도서관,안산시 단원구,초지동
공공도서관,안산미디어라이브러리,안산시 단원구,고잔동
공공도서관,안산시관산도서관,안산시 단원구,원곡동
공공도서관,안산시중앙도서관,안산시 단원구,고잔동
공공도서관,원고잔도서관,안산시 단원구,고잔동
공공도서관,반월도서관,안산시 상록구,건건동
공공도서관,본오도서관,안산시 상록구,본오동
공공도서관,수암도서관,안산시 상록구,수암동
공공도서관,안산시 감골도서관,안산시 상록구,사동
공공도서관,안산시 부곡도서관,안산시 상록구,부곡동
공공도서관,안산시 일동도서관,안산시 상록구,일동
공공도서관,안산시립상록어린이도서관,안산시 상록구,일동
공공도서관,안산시성포도서관,안산시 상록구,성포동
공공도서관,안성시립공도도서관,안성시,공도읍 만정리
공공도서관,안성시립보개도서관,안성시,보개면 양복리
공공도서관,안성시립일죽도서관,안성시,일죽면 송천리
공공도서관,안성시립중앙도서관,안성시,금산동
공공도서관,안성시립진사도서관,안성시,공도읍 진사리
공공도서관,안양시립관양도서관,안양시 동안구,관양동
공공도서관,안양시립비산도서관,안양시 동안구,비산동
공공도서관,안양시벌말도서관,안양시 동안구,평촌동
공공도서관,안양시평촌도서관,안양시 동안구,관양동
공공도서관,안양시호계도서관,안양시 동안구,호계동
공공도서관,안양어린이도서관,안양시 동안구,호계동
공공도서관,안양시립삼덕도서관,안양시 만안구,안양동
공공도서관,안양시만안도서관,안양시 만안구,석수동
공공도서관,안양시박달도서관,안양시 만안구,박달동
공공도서관,안양시석수도서관,안양시 만안구,석수동
공공도서관,광적도서관,양주시,광적면 가납리
공공도서관,양주시 고읍도서관,양주시,광사동
공공도서관,양주시 남면도서관,양주시,남면 신산리
공공도서관,양주시 덕계도서관,양주시,덕계동
공공도서관,양주시덕정도서관,양주시,덕정동
공공도서관,양주시립꿈나무도서관,양주시,백석읍 오산리
공공도서관,양주희망도서관,양주시,삼숭동
공공도서관,양평 양서친환경도서관,양평군,양서면 용담리
공공도서관,양평군립양동도서관,양평군,양동면 쌍학리
공공도서관,양평군립중앙도서관,양평군,양평읍 양근리
공공도서관,양평군립지평도서관,양평군,지평면 지평리
공공도서관,양평어린이도서관,양평군,양평읍 양근리
공공도서관,양평용문도서관,양평군,용문면 다문리
공공도서관,세종도서관,여주시,어진동
공공도서관,여주도서관,여주시,천송동
공공도서관,점동도서관,여주시,점동면 청안리
공공도서관,연천군 중앙도서관,연천군,전곡읍 전곡리
공공도서관,연천도서관,연천군,연천읍 차탄리
공공도서관,양산도서관,오산시,북부동
공공도서관,오산시 꿈두레도서관,오산시,세교동
공공도서관,오산시 중앙도서관,오산시,오산동
공공도서관,오산시 청학도서관,오산시,청학동
공공도서관,오산시립 햇살마루 도서관,오산시,원동
공공도서관,오산시초평도서관,오산시,누읍동
공공도서관,보라도서관,용인시 기흥구,보라동
공공도서관,용인시 기흥도서관,용인시 기흥구,신갈동
공공도서관,용인시 동백도서관,용인시 기흥구,중동
공공도서관,용인시 흥덕도서관,용인시 기흥구,영덕동
공공도서관,용인시구갈희망누리도서관,용인시 기흥구,구갈동
공공도서관,용인시구성도서관,용인시 기흥구,언남동
공공도서관,상현도서관,용인시 수지구,상현동
공공도서관,용인시수지도서관,용인시 수지구,풍덕천동
공공도서관,용인시죽전도서관,용인시 수지구,죽전동
공공도서관,남사도서관,용인시 처인구,남사면 아곡리
공공도서관,용인시 모현도서관,용인시 처인구,모현읍 왕산리
공공도서관,용인시 청덕도서관,용인시 처인구,청덕동
공공도서관,용인시디지털정보도서관,용인시 처인구,삼가동
공공도서관,용인시양지해밀도서관,용인시 처인구,양지면 양지리
공공도서관,용인시포곡도서관,용인시 처인구,포곡읍 삼계리
공공도서관,용인중앙도서관,용인시 처인구,역북동
공공도서관,이동꿈틀도서관,용인시 처인구,이동읍 송전리
공공도서관,의왕시글로벌도서관,의왕시,오전동
공공도서관,의왕시내손도서관,의왕시,내손동
공공도서관,의왕시중앙도서관,의왕시,고천동
공공도서관,가재울도서관,의정부시,성산동
공공도서관,의정부과학도서관,의정부시,신곡동
공공도서관,의정부어린이도서관,의정부시,호원동
공공도서관,이천시 어린이도서관,이천시,중리동
공공도서관,이천시립도서관,이천시,창전동
공공도서관,이천시립마장도서관,이천시,마장면 오천리
공공도서관,이천시립효양도서관,이천시,부발읍 신하리
공공도서관,이천시청미도서관,이천시,장호원읍 장호원리
공공도서관,가람도서관,파주시,와동동
공공도서관,교하도서관,파주시,동패동
공공도서관,금촌3동솔빛도서관,파주시,아동동
공공도서관,물푸레도서관,파주시,청덕동
공공도서관,적성도서관,파주시,적성면 마지리
공공도서관,조리도서관,파주시,조리읍 봉일천리
공공도서관,탄현도서관,파주시,탄현면 축현리
공공도서관,파주시립중앙도서관금촌분관,파주시,금촌동
공공도서관,파주시립중앙도서관문산분관,파주시,문산읍 문산리
공공도서관,파주시립중앙도서관법원분관,파주시,법원읍 법원리
공공도서관,파주시중앙도서관,파주시,금촌동
공공도서관,파평도서관,파주시,파평면 금파리
공공도서관,한빛도서관,파주시,야당동
공공도서관,한울도서관,파주시,동패동
공공도서관,해솔도서관,파주시,목동동
공공도서관,행복어린이도서관,파주시,문산읍 선유리
공공도서관,평택시립 진위도서관,평택시,진위면 견산리
공공도서관,평택시립도서관 팽성분관,평택시,팽성읍 안정리
공공도서관,평택시립배다리도서관,평택시,죽백동
공공도서관,평택시립세교도서관,평택시,세교동
공공도서관,평택시립안중도서관,평택시,안중읍 학현리
공공도서관,평택시립오성도서관,평택시,오성면 숙성리
공공도서관,평택시립장당도서관,평택시,장당동
공공도서관,평택시립지산초록도서관,평택시,지산동
공공도서관,평택시립청북도서관,평택시,청북읍 옥길리
공공도서관,포천시립가산도서관,포천시,가산면 마산리
공공도서관,포천시립소흘도서관,포천시,소흘읍 송우리
공공도서관,포천시립영북도서관,포천시,영북면 운천리
공공도서관,포천시립영중꿈나무도서관,포천시,영중면 양문리
공공도서관,포천시립일동도서관,포천시,일동면 기산리
공공도서관,포천시립중앙도서관,포천시,신북면 가채리
공공도서관,하남시 나룰도서관,하남시,덕풍동
공공도서관,하남시 덕풍도서관,하남시,덕풍동
공공도서관,하남시세미도서관,하남시,풍산동
공공도서관,하남시신장도서관,하남시,신장동
공공도서관,동탄복합문화센터도서관,화성시,반송동
공공도서관,두빛나래 어린이도서관,화성시,능동
공공도서관,봉담도서관,화성시,봉담읍 상리
공공도서관,정남도서관,화성시,정남면 발산리
공공도서관,화성시 동탄중앙이음터도서관,화성시,청계동
공공도서관,화성시 진안도서관,화성시,진안동
공공도서관,화성시남양도서관,화성시,남양읍 남양리
공공도서관,화성시립둥지나래어린이도서관,화성시,향남읍 행정리
공공도서관,화성시립송산도서관,화성시,송산면 사강리
공공도서관,화성시병점도서관,화성시,병점동
공공도서관,화성시삼괴도서관,화성시,우정읍 조암리
공공도서관,화성시태안도서관,화성시,안녕동
공공도서관,강릉교육문화관,강릉시,노암동
공공도서관,명주교육도서관,강릉시,주문진읍 교항리
공공도서관,고성교육도서관,고성군,거진읍 거진리
공공도서관,동해교육도서관,동해시,부곡동
공공도서관,삼척교육문화관,삼척시,당저동
공공도서관,속초교육도서관,속초시,교동
공공도서관,속초교육문화관,속초시,금호동
공공도서관,양구교육도서관,양구군,양구읍 정림리
공공도서관,양양교육도서관,양양군,양양읍 군행리
공공도서관,영월교육도서관,영월군,영월읍 하송리
공공도서관,문막교육도서관,원주시,문막읍 문막리
공공도서관,원주교육문화관,원주시,단계동
공공도서관,인제교육도서관,인제군,인제읍 상동리
공공도서관,정선교육도서관,정선군,정선읍 봉양리
공공도서관,철원교육도서관,철원군,철원읍 화지리
공공도서관,춘성교육도서관,춘천시,신북읍 율문리
공공도서관,춘천교육문화관,춘천시,중앙로3가
공공도서관,태백교육도서관,태백시,황지동
공공도서관,평창교육도서관,평창군,평창읍 하리
공공도서관,홍천교육도서관,홍천군,홍천읍 신장대리
공공도서관,화천교육도서관,화천군,화천읍 하리
공공도서관,횡성교육도서관,횡성군,횡성읍 읍하리
공공도서관,담작은도서관,춘천시,효자동
공공도서관,강릉시립중앙도서관,강릉시,포남동
공공도서관,모루도서관,강릉시,교동
공공도서관,고성군립도서관,고성군,고성읍 송학리
공공도서관,토성공공도서관,고성군,토성면 천진리
공공도서관,동해시립발한도서관,동해시,발한동
공공도서관,동해시립북삼도서관,동해시,동회동
공공도서관,삼척도계도서관,삼척시,도계읍 도계리
공공도서관,삼척원덕도서관,삼척시,원덕읍 호산리
공공도서관,속초시립도서관,속초시,조양동
공공도서관,영월주천도서관,영월군,주천면 주천리
공공도서관,중천철학도서관,원주시,흥업면 흥업리
공공도서관,원통도서관,인제군,북면 원통리
공공도서관,사북공공도서관,정선군,사북읍 사북리
공공도서관,관전도서관,철원군,철원읍 화지리
공공도서관,철원갈말도서관,철원군,갈말읍 지포리
공공도서관,철원김화도서관,철원군,서면 와수리
공공도서관,소양도서관,춘천시,후평동
공공도서관,춘천남산도서관,춘천시,남산면 방곡리
공공도서관,춘천동내도서관,춘천시,동내면 학곡리
공공도서관,춘천시립도서관,춘천시,석사동
공공도서관,춘천시립분관서면도서관,춘천시,서면 금산리
공공도서관,춘천시립청소년도서관,춘천시,삼천동
공공도서관,춘천신사우동도서관,춘천시,우두동
공공도서관,태백산소드림도서관,태백시,황지동
공공도서관,태백시립도서관,태백시,장성동
공공도서관,평창군립대관령도서관,평창군,대관령면 횡계리
공공도서관,평창군립대화도서관,평창군,대화면 대화리
공공도서관,평창군립봉평도서관,평창군,봉평면 창동리
공공도서관,평창군립진부도서관,평창군,진부면 하진부리
공공도서관,홍천연봉도서관,홍천군,홍천읍 연봉리
공공도서관,화천어린이도서관,화천군,화천읍 하리
공공도서관,둔내태성도서관,횡성군,둔내면 둔방내리
공공도서관,횡성군립도서관,횡성군,횡성읍 읍하리
공공도서관,괴산교육도서관,괴산군,괴산읍 서부리
공공도서관,단양교육도서관,단양군,단양읍 상진리
공공도서관,보은교육도서관,보은군,보은읍 삼산리
공공도서관,영동교육도서관,영동군,영동읍 부용리
공공도서관,옥천교육도서관,옥천군,옥천읍 금구리
공공도서관,금왕교육도서관,음성군,금왕읍 무극리
공공도서관,음성교육도서관,음성군,음성읍 읍내리
공공도서관,제천학생회관,제천시,화산동
공공도서관,증평교육도서관,증평군,증평읍 증평리
공공도서관,진천교육도서관,진천군,진천읍 읍내리
공공도서관,미원교육도서관,청주시 상당구,미원면 미원리
공공도서관,충청북도교육도서관,청주시 서원구,사직동
공공도서관,충청북도교육문화원,청주시 청원구,주중동
공공도서관,중원교육도서관,충주시,주덕읍 신중리
공공도서관,충청북도중원교육문화원,충주시,호암동
공공도서관,다누리도서관,단양군,단양읍 별곡리
공공도서관,매포도서관,단양군,매포읍 평동리
공공도서관,레인보우영동도서관,영동군,영동읍 계산리
공공도서관,옥천군민도서관,옥천군,옥천읍 문정리
공공도서관,감곡도서관,음성군,감곡면 왕장리
공공도서관,음성대소도서관,음성군,대소면 오산리
공공도서관,봉양도서관,제천시,봉양읍 주포리
공공도서관,제천기적의도서관,제천시,고암동
공공도서관,제천시립도서관,제천시,장락동
공공도서관,제천시립의병도서관,제천시,장락동
공공도서관,제천여성도서관,제천시,중앙로2가
공공도서관,증평군립도서관,증평군,증평읍 송산리
공공도서관,생거진천혁신도시도서관,진천군,덕산읍 두촌리
공공도서관,진천군립광혜원도서관,진천군,광혜원면 광혜원리
공공도서관,진천군립도서관,진천군,진천읍 읍내리
공공도서관,청주상당도서관,청주시 상당구,수동
공공도서관,청주시립도서관,청주시 상당구,용암동
공공도서관,청주기적의도서관,청주시 서원구,수곡동
공공도서관,청주서원도서관,청주시 서원구,분평동
공공도서관,오창호수도서관,청주시 청원구,오창읍 각리
공공도서관,청주오창도서관,청주시 청원구,오창읍 장대리
공공도서관,청주청원도서관,청주시 청원구,사천동
공공도서관,강내도서관,청주시 흥덕구,강내면 월곡리
공공도서관,옥산도서관,청주시 흥덕구,옥산면 오산리
공공도서관,청주시립오송도서관,청주시 흥덕구,오송읍 연제리
공공도서관,청주신율봉어린이도서관,청주시 흥덕구,복대동
공공도서관,청주흥덕도서관,청주시 흥덕구,복대동
공공도서관,엄정꿈터도서관,충주시,엄정면 미내리
공공도서관,충주시립도서관,충주시,교현동
공공도서관,충주시립호암도서관,충주시,호암동
공공도서관,충청남도공주교육지원청공주도서관,공주시,유구읍 백교리
공공도서관,충청남도공주교육지원청유구도서관,공주시,유구읍 백교리
공공도서관,충청남도금산교육지원청금산도서관,금산군,금산읍 상옥리
공공도서관,충청남도교육청남부평생교육원,논산시,부창동
공공도서관,충청남도당진교육지원청당진도서관,당진시,채운동
공공도서관,충청남도보령교육지원청보령도서관,보령시,명천동
공공도서관,충청남도보령교육지원청웅천도서관,보령시,웅천읍 대창리
공공도서관,충청남도부여교육지원청부여도서관,부여군,부여읍 쌍북리
공공도서관,충청남도교육청서부평생교육원,서산시,석림동
공공도서관,충청남도서산교육지원청해미도서관,서산시,해미면 반양리
공공도서관,충청남도서천교육지원청서천도서관,서천군,서천읍 군사리
공공도서관,충청남도아산교육지원청아산도서관,아산시,실옥동
공공도서관,충청남도예산교육지원청예산도서관,예산군,예산읍 주교리
공공도서관,충청남도교육청평생교육원,천안시 동남구,목천읍 신계리
공공도서관,충청남도교육청학생교육문화원,천안시 동남구,원성동
공공도서관,충청남도천안교육지원청성환도서관,천안시 서북구,성환읍 성환리
공공도서관,충청남도청양교육지원청청양도서관,청양군,청양읍 송방리
공공도서관,충청남도태안교육지원청태안도서관,태안군,태안읍 남문리
공공도서관,충청남도홍성교육지원청홍성도서관,홍성군,홍성읍 오관리
공공도서관,계룡도서관,계룡시,금암동
공공도서관,엄사도서관,계룡시,엄사면 엄사리
공공도서관,공주시 시립도서관 웅진관,공주시,웅진동
공공도서관,금산기적의도서관,금산군,금산읍 상리
공공도서관,금산인삼고을도서관,금산군,금산읍 중도리
공공도서관,진산도서관,금산군,진산면 읍내리
공공도서관,추부도서관,금산군,추부면 마전리
공공도서관,논산강경도서관,논산시,강경읍 남교리
공공도서관,논산연무도서관,논산시,연무읍 안심리
공공도서관,당진시립송악도서관,당진시,송악읍 가학리
공공도서관,당진시립중앙도서관,당진시,읍내동
공공도서관,당진시립합덕도서관,당진시,합덕읍 운산리
공공도서관,보령주산도서관,보령시,주산면 금암리
공공도서관,죽정도서관,보령시,죽정동
공공도서관,홍산공공도서관,부여군,홍산면 북촌리
공공도서관,서산시 대산도서관,서산시,대산읍 화곡리
공공도서관,서산시립도서관,서산시,읍내동
공공도서관,서산어린이도서관,서산시,동문동
공공도서관,서천장항공공도서관,서천군,장항읍 신창리
공공도서관,아산시 둔포도서관,아산시,둔포면 둔포리
공공도서관,아산시 배방도서관,아산시,배방읍 공수리
공공도서관,아산시 송곡도서관,아산시,염치읍 송곡리
공공도서관,아산시 어린이도서관,아산시,배방읍 공수리
공공도서관,아산시 중앙도서관,아산시,용화동
공공도서관,아산시 탕정온샘도서관,아산시,탕정면
공공도서관,예산군립도서관,예산군,예산읍 석양리
공공도서관,예산삽교도서관,예산군,삽교읍 두리
공공도서관,천안시문화도서관사업소 신방도서관,천안시 동남구,신방동
공공도서관,천안시문화도서관사업소 아우내도서관,천안시 동남구,병천면 병천리
공공도서관,천안시문화도서관사업소 중앙도서관,천안시 동남구,원성동
공공도서관,천안청수도서관,천안시 동남구,청수동
공공도서관,천안시문화도서관사업소 도솔도서관,천안시 서북구,불당동
공공도서관,천안시문화도서관사업소 두정도서관,천안시 서북구,두정동
공공도서관,천안시문화도서관사업소 성거도서관,천안시 서북구,성거읍 천흥리
공공도서관,천안시문화도서관사업소 쌍용도서관,천안시 서북구,쌍용동
공공도서관,천안아산상생협력센터도서관,천안시 서북구,불당동
공공도서관,정산도서관,청양군,정산면 서정리
공공도서관,태안군립중앙도서관,태안군,태안읍 동문리
공공도서관,태안안면도서관,태안군,안면읍 승언리
공공도서관,광천공공도서관,홍성군,광천읍 신진리
공공도서관,충남도서관,홍성군,홍북읍 신경리
공공도서관,전라북도교육청고창도서관,고창군,고창읍 교촌리
공공도서관,군산교육문화회관,군산시,조촌동
공공도서관,군산교육문화회관 대야분관,군산시,대야면 산월리
공공도서관,김제교육문화회관,김제시,요촌동
공공도서관,김제교육문화회관 금산분관,김제시,금산면 성계리
공공도서관,남원교육문화회관,남원시,동충동
공공도서관,남원교육문화회관 운봉분관,남원시,운봉읍 서천리
공공도서관,전라북도교육청무주도서관,무주군,무주읍 읍내리
공공도서관,부안교육문화회관,부안군,부안읍 동중리
공공도서관,전라북도교육청순창도서관,순창군,순창읍 남계리
공공도서관,전라북도교육청완주도서관,완주군,봉동읍 장기리
공공도서관,마한교육문화회관,익산시,마동
공공도서관,마한교육문화회관함열분관,익산시,함열읍 와리
공공도서관,전라북도교육청임실도서관,임실군,임실읍 이도리
공공도서관,전라북도교육청장수도서관,장수군,장수읍 장수리
공공도서관,정읍학생복지회관,정읍시,수성동
공공도서관,전라북도교육청진안도서관,진안군,진안읍 군하리
공공도서관,명봉도서관,정읍시,태인면 태성리
공공도서관,고창군립도서관,고창군,고창읍 교촌리
공공도서관,고창군립성호도서관,고창군,고창읍 교촌리
공공도서관,군산시립도서관,군산시,수송동
공공도서관,늘푸른도서관,군산시,부평동
공공도서관,설림도서관,군산시,소룡동
공공도서관,임피채만식도서관,군산시,임피면 읍내리
공공도서관,김제시립도서관,김제시,요촌동
공공도서관,김제시립도서관금구분관,김제시,금구면 금구리
공공도서관,김제시립도서관만경분관,김제시,만경읍 만경리
공공도서관,남원시립도서관,남원시,하정동
공공도서관,무주형설지공도서관,무주군,무주읍 당산리
공공도서관,부안군립도서관,부안군,부안읍 봉덕리
공공도서관,순창군립도서관,순창군,순창읍 순화리
공공도서관,완주군립 둔산영어도서관,완주군,봉동읍 둔산리
공공도서관,완주군립고산도서관,완주군,고산면 읍내리
공공도서관,완주군립삼례도서관,완주군,삼례읍 신금리
공공도서관,완주군립중앙도서관,완주군,용진읍 운곡리
공공도서관,익산시립도서관 마동분관,익산시,마동
공공도서관,익산시립도서관(영등도서관),익산시,영등동
공공도서관,익산시립모현도서관,익산시,모현동1가
공공도서관,익산시립부송도서관,익산시,부송동
공공도서관,익산시립황등도서관,익산시,황등면 황등리
공공도서관,임실군립도서관,임실군,오수면 오수리
공공도서관,장수군립도서관,장수군,장계면 장계리
공공도서관,아중도서관,전주시 덕진구,인후동1가
공공도서관,전주시립건지도서관,전주시 덕진구,호성동1가
공공도서관,전주시립금암도서관,전주시 덕진구,금암동
공공도서관,전주시립송천도서관,전주시 덕진구,송천동2가
공공도서관,전주시립인후도서관,전주시 덕진구,인후동1가
공공도서관,전주시립쪽구름도서관,전주시 덕진구,반월동
공공도서관,전북도청도서관,전주시 완산구,효자동3가
공공도서관,전주시립도서관,전주시 완산구,송천동2가
공공도서관,전주시립삼천도서관,전주시 완산구,삼천동1가
공공도서관,전주시립서신도서관,전주시 완산구,서신동
공공도서관,전주시립평화도서관,전주시 완산구,평화동2가
공공도서관,전주시립효자도서관,전주시 완산구,효자동2가
공공도서관,정읍기적의도서관,정읍시,수성동
공공도서관,정읍시립도서관신태인분관,정읍시,신태인읍 신태인리
공공도서관,정읍시립중앙도서관,정읍시,상동
공공도서관,고흥평생교육관,고흥군,고흥읍 등암리
공공도서관,곡성교육문화회관,곡성군,곡성읍 읍내리
공공도서관,광양공공도서관,광양시,중동
공공도서관,광양평생교육관,광양시,광영동
공공도서관,구례공공도서관,구례군,구례읍 봉동리
공공도서관,나주공공도서관,나주시,금성동
공공도서관,남평공공도서관,나주시,남평읍 동사리
공공도서관,담양공공도서관,담양군,담양읍 백동리
공공도서관,목포공공도서관,목포시,산정동
공공도서관,무안공공도서관,무안군,무안읍 교촌리
공공도서관,벌교공공도서관,보성군,벌교읍 벌교리
공공도서관,보성공공도서관,보성군,보성읍 보성리
공공도서관,전라남도학생교육문화회관,여수시,화장동
공공도서관,영광공공도서관,영광군,영광읍 녹사리
공공도서관,영암공공도서관,영암군,영암읍 서남리
공공도서관,장성공공도서관,장성군,장성읍 영천리
공공도서관,장흥공공도서관,장흥군,장흥읍 원도리
공공도서관,진도공공도서관,진도군,진도읍 성내리
공공도서관,함평공공도서관,함평군,함평읍 기각리
공공도서관,해남공공도서관,해남군,해남읍 구교리
공공도서관,화순공공도서관,화순군,화순읍 교리
공공도서관,관옥나무도서관,순천시,해룡면 농주리
공공도서관,강진군도서관,강진군,강진읍 남성리
공공도서관,고흥군립도서관,고흥군,도양읍 봉암리
공공도서관,고흥군립북부도서관,고흥군,동강면 유둔리
공공도서관,고흥군립중앙도서관,고흥군,고흥읍 남계리
공공도서관,옥과공공도서관,곡성군,옥과면 리문리
공공도서관,광양시립중마도서관,광양시,중동
공공도서관,광양시립중앙도서관,광양시,광양읍 우산리
공공도서관,광양용강도서관,광양시,광양읍 용강리
공공도서관,광양희망도서관,광양시,광양읍 칠성리
공공도서관,구례군매천도서관,구례군,구례읍 봉북리
공공도서관,나주시립도서관,나주시,영산동
공공도서관,빛가람시립도서관,나주시,빛가람동
공공도서관,목포시립도서관,목포시,용당동
공공도서관,목포어린이도서관,목포시,석현동
공공도서관,목포영어도서관,목포시,석현동
공공도서관,무안군공공도서관,무안군,해제면 신정리
공공도서관,전라남도립도서관,무안군,삼향읍 남악리
공공도서관,보성농어촌도서관,보성군,득량면 예당리
공공도서관,순천기적의도서관,순천시,해룡면 상삼리
공공도서관,순천시립그림책도서관,순천시,동외동
공공도서관,순천시립도서관연향관,순천시,연향동
공공도서관,순천시립삼산도서관,순천시,석현동
공공도서관,순천시립신대도서관,순천시,해룡면 신대리
공공도서관,순천시립조례호수도서관,순천시,조례동
공공도서관,해룡농어촌도서관,순천시,해룡면 월전리
공공도서관,신안군립도서관,신안군,압해읍 학교리
공공도서관,흑산자산문화도서관,신안군,흑산면 예리
공공도서관,여수시립돌산도서관,여수시,돌산읍 우두리
공공도서관,여수시립소라도서관,여수시,소라면 덕양리
공공도서관,여수시립쌍봉도서관,여수시,학동
공공도서관,여수시립율촌도서관,여수시,율촌면 조화리
공공도서관,여수시립현암도서관,여수시,덕충동
공공도서관,여수시립환경도서관,여수시,문수동
공공도서관,영광군립도서관,영광군,영광읍 무령리
공공도서관,삼호도서관,영암군,삼호읍 용앙리
공공도서관,영암도서관,영암군,영암읍 교동리
공공도서관,금일공공도서관,완도군,금일읍 화목리
공공도서관,노화공공도서관,완도군,노화읍 이포리
공공도서관,완도군립도서관,완도군,완도읍 군내리
공공도서관,장성군립북이도서관,장성군,북이면 사거리
공공도서관,장성군립삼계도서관,장성군,삼계면 사창리
공공도서관,장성군립중앙도서관,장성군,장성읍 기산리
공공도서관,정남진도서관,장흥군,장흥읍 건산리
공공도서관,철마도서관,진도군,철마면 고촌리
공공도서관,함평군립도서관,함평군,함평읍 내교리
공공도서관,해남군립도서관,해남군,해남읍 성내리
공공도서관,화순열린도서관,화순군,화순읍 신기리
공공도서관,경상북도교육청정보센터,경산시,계양동
공공도서관,경상북도교육청 외동도서관,경주시,외동읍 입실리
공공도서관,경상북도교육청 고령도서관,고령군,대가야읍 쾌빈리
공공도서관,경상북도교육청 구미도서관,구미시,원평동
공공도서관,경상북도교육청 삼국유사군위도서관,군위군,군위읍 동부리
공공도서관,경상북도교육청 점촌도서관,문경시,흥덕동
공공도서관,경상북도교육청 점촌도서관가은분관,문경시,가은읍 왕능리
공공도서관,경상북도교육청 봉화도서관,봉화군,봉화읍 내성리
공공도서관,경상북도교육청 상주도서관,상주시,남성동
공공도서관,경상북도교육청 상주도서관화령분관,상주시,화서면 달천리
공공도서관,경상북도교육청 성주도서관,성주군,성주읍 예산리
공공도서관,경상북도교육청 안동도서관,안동시,당북동
공공도서관,경상북도교육청 안동도서관용상분관,안동시,용상동
공공도서관,경상북도교육청 안동도서관풍산분관,안동시,풍산읍 하리리
공공도서관,경상북도교육청 영덕도서관,영덕군,영덕읍 화개리
공공도서관,경상북도교육청 영양도서관,영양군,영양읍 서부리
공공도서관,경상북도교육청 영주선비도서관,영주시,가흥동
공공도서관,경상북도교육청 영주선비도서관풍기분관,영주시,풍기읍 성내리
공공도서관,경상북도교육청 금호도서관,영천시,금호읍 교대리
공공도서관,경상북도교육청 예천도서관,예천군,예천읍 남본리
공공도서관,경상북도교육청 울릉도서관,울릉군,울릉읍 저동리
공공도서관,경상북도교육청 울진도서관,울진군,울진읍 읍내리
공공도서관,경상북도교육청 의성도서관,의성군,의성읍 중리리
공공도서관,경상북도교육청 청도도서관,청도군,청도읍 고수리
공공도서관,경상북도교육청 청송도서관,청송군,청송읍 월막리
공공도서관,경상북도교육청 칠곡도서관,칠곡군,왜관읍 석전리
공공도서관,경상북도교육청 영일도서관,포항시 북구,흥해읍 약성리
공공도서관,경상북도교육청문화원,포항시 북구,양덕동
공공도서관,경산시립도서관,경산시,하양읍 금락리
공공도서관,경산시립장산도서관,경산시,옥곡동
공공도서관,감포도서관,경주시,감포읍 전촌리
공공도서관,경주시립도서관,경주시,황성동
공공도서관,경주중앙도서관,경주시,사정동
공공도서관,단석도서관,경주시,건천읍 건천리
공공도서관,송화도서관,경주시,충효동
공공도서관,칠평도서관,경주시,안강읍 양월리
공공도서관,다산도서관,고령군,화서동
공공도서관,구미시립봉곡도서관,구미시,봉곡동
공공도서관,구미시립상모정수도서관,구미시,상모동
공공도서관,구미시립선산도서관,구미시,선산읍 동부리
공공도서관,구미시립인동도서관,구미시,진평동
공공도서관,구미시립중앙도서관,구미시,형곡동
공공도서관,김천시립도서관,김천시,평화동
공공도서관,문경시립모전도서관,문경시,모전동
공공도서관,문경시립문희도서관,문경시,문경읍 상리
공공도서관,문경시립중앙도서관,문경시,점촌동
공공도서관,성주군청사도서관,성주군,성주읍 경산리
공공도서관,안동강남어린이도서관,안동시,정하동
공공도서관,안동시립도서관,안동시,동문동
공공도서관,영주시립도서관,영주시,가흥동
공공도서관,영천시립도서관,영천시,문외동
공공도서관,울진남부도서관,울진군,후포면 삼율리
공공도서관,죽변면도서관,울진군,죽변면 봉평리
공공도서관,의성군립도서관,의성군,안계면 용기리
공공도서관,청도어린이도서관,청도군,화양읍 범곡리
공공도서관,진보공공도서관,청송군,진보면 각산리
공공도서관,북삼도서관,칠곡군,북삼읍 인평리
공공도서관,석적도서관,칠곡군,석적읍 중리
공공도서관,칠곡군립도서관,칠곡군,왜관읍 왜관리
공공도서관,포항시립대잠도서관,포항시 남구,대잠동
공공도서관,포항시립동해석곡도서관,포항시 남구,동해면 도구리
공공도서관,포항시립어린이영어도서관,포항시 남구,상도동
공공도서관,포항시립영암도서관,포항시 남구,대도동
공공도서관,포항시립오천도서관,포항시 남구,오천읍 용덕리
공공도서관,포항시립포은중앙도서관,포항시 북구,덕수동
공공도서관,경상남도교육청 거제도서관,거제시,고현동
공공도서관,경상남도교육청 거창도서관,거창군,거창읍 중앙리
공공도서관,경상남도교육청 고성도서관,고성군,고성읍 송학리
공공도서관,경상남도교육청 김해도서관,김해시,봉황동
공공도서관,경상남도교육청 진영도서관,김해시,진영읍 여래리
공공도서관,경상남도교육청 남해도서관,남해군,남해읍 서변리
공공도서관,경상남도교육청 밀양도서관,밀양시,삼랑진읍 송지리
공공도서관,경상남도교육청 하남도서관,밀양시,하남읍 수산리
공공도서관,경상남도교육청 사천도서관,사천시,좌룡동
공공도서관,경상남도교육청 삼천포도서관,사천시,좌룡동
공공도서관,경상남도교육청 산청도서관,산청군,산청읍 산청리
공공도서관,경상남도교육청 양산도서관,양산시,북부동
공공도서관,경상남도교육청 의령도서관,의령군,의령읍 동동리
공공도서관,경상남도교육청 진양도서관,진주시,문산읍 삼곡리
공공도서관,경상남도교육청 남지도서관,창녕군,남지읍 남지리
공공도서관,경상남도교육청 창녕도서관,창녕군,창녕읍 말흘리
공공도서관,경상남도교육청 마산도서관,창원시 마산합포구,구암동
공공도서관,경상남도교육청 진동도서관,창원시 마산합포구,진동면 진동리
공공도서관,경상남도교육청 마산도서관 지혜의바다분관,창원시 마산회원구,구암동
공공도서관,경상남도교육청 창원도서관,창원시 성산구,구암동
공공도서관,경상남도교육청 통영도서관,통영시,봉평동
공공도서관,경상남도교육청 하동도서관,하동군,하동읍 광평리
공공도서관,경상남도교육청 함안도서관,함안군,가야읍 말산리
공공도서관,경상남도교육청 함양도서관,함양군,함양읍 운림리
공공도서관,경상남도교육청 합천도서관,합천군,합천읍 합천리
공공도서관,마하 어린이도서관,진주시,초전동
공공도서관,거제시립수양도서관,거제시,양정동
공공도서관,거제시립옥포도서관,거제시,옥포동
공공도서관,거제시립장승포도서관,거제시,장승포동
공공도서관,거제시립장평도서관,거제시,장평동
공공도서관,거제시립하청도서관,거제시,하청면 하청리
공공도서관,거창군립한마음도서관,거창군,거창읍 상림리
공공도서관,고성동부도서관,고성군,회화면 배둔리
공공도서관,김해기적의도서관,김해시,율하동
공공도서관,김해율하도서관,김해시,율하동
공공도서관,장유도서관,김해시,대청동
공공도서관,진영한빛도서관,김해시,진영읍 여래리
공공도서관,칠암도서관,김해시,삼방동
공공도서관,화정글샘도서관,김해시,삼계동
공공도서관,화전도서관,남해군,남해읍 아산리
공공도서관,밀양시립도서관,밀양시,삼문동
공공도서관,밀양시립영어도서관,밀양시,삼문동
공공도서관,사천시어린이영어도서관,사천시,사남면 월성리
공공도서관,상북어린이도서관,양산시,상북면 석계리
공공도서관,양산시립도서관,양산시,물금읍 가촌리
공공도서관,양산영어도서관,양산시,소주동
공공도서관,양산웅상도서관,양산시,주진동
공공도서관,도동어린이도서관,진주시,하대동
공공도서관,비봉어린이도서관,진주시,옥봉동
공공도서관,진주시어린이전문도서관,진주시,평거동
공공도서관,창녕군 영산도서관,창녕군,영산면 동리
공공도서관,마산합포도서관,창원시 마산합포구,해운동
공공도서관,내서도서관,창원시 마산회원구,내서읍 삼계리
공공도서관,마산회원도서관,창원시 마산회원구,회원동
공공도서관,중리초등복합시설도서관,창원시 마산회원구,내서읍 호계리
공공도서관,상남도서관,창원시 성산구,가음정동
공공도서관,성산도서관,창원시 성산구,남산동
공공도서관,경남대표도서관,창원시 의창구,사림동
공공도서관,고향의봄도서관,창원시 의창구,서상동
공공도서관,명곡도서관,창원시 의창구,명서동
공공도서관,의창도서관,창원시 의창구,반송동
공공도서관,동부도서관,창원시 진해구,용원동
공공도서관,진해기적의도서관,창원시 진해구,석동
공공도서관,진해도서관,창원시 진해구,여좌동
공공도서관,통영시립도서관,통영시,무전동
공공도서관,통영시립산양도서관,통영시,산양읍 남평리
공공도서관,통영시립욕지도서관,통영시,욕지면 동항리
공공도서관,통영시립충무도서관,통영시,용남면 장문리
공공도서관,함안군립칠원도서관,함안군,칠원읍 용산리
공공도서관,서귀포도서관,서귀포시,동홍동
공공도서관,송악도서관,서귀포시,대정읍 하모리
공공도서관,제남도서관,서귀포시,남원읍 남원리
공공도서관,동녘도서관,제주시,구좌읍 세화리
공공도서관,제주도서관,제주시,이도이동
공공도서관,한수풀도서관,제주시,한림읍 대림리
공공도서관,서귀포기적의도서관,서귀포시,동홍동
공공도서관,서귀포시동부도서관,서귀포시,신효동
공공도서관,서귀포시삼매봉도서관,서귀포시,서홍동
공공도서관,서귀포시서부도서관,서귀포시,중문동
공공도서관,서귀포시중앙도서관,서귀포시,강정동
공공도서관,성산일출도서관,서귀포시,성산읍 오조리
공공도서관,안덕산방도서관,서귀포시,안덕면 화순리
공공도서관,표선도서관,서귀포시,표선면 표선리
공공도서관,애월도서관,제주시,애월읍 고내리
공공도서관,제주꿈바당어린이도서관,제주시,연동
공공도서관,제주시기적의도서관,제주시,이도이동
공공도서관,제주시우당도서관,제주시,건입동
공공도서관,제주특별자치도 한라도서관,제주시,오라이동
공공도서관,조천읍도서관,제주시,조천읍 함덕리
공공도서관,탐라도서관,제주시,노형동
공공도서관,한경도서관,제주시,한경면 신창리
공공도서관,관악중앙도서관,관악구,신림동
공공도서관,구로기적의도서관,구로구,신도림동
공공도서관,쌍문채움도서관,도봉구,쌍문동
공공도서관,배봉산 숲속도서관,동대문구,전농동
공공도서관,서대문구립남가좌새롬어린이도서관,서대문구,남가좌동
공공도서관,서대문구립홍은도담도서관,서대문구,홍은동
공공도서관,서초구립양재도서관,서초구,양재동
공공도서관,성북길빛도서관,성북구,길음동
공공도서관,장위행복누림도서관,성북구,장위동
공공도서관,개울건강도서관,양천구,신정동
공공도서관,목마교육도서관,양천구,목동
공공도서관,신월음악도서관,양천구,신월동
공공도서관,해맞이역사도서관,양천구,신월동
공공도서관,여의샛강마을도서관,영등포구,여의도동
공공도서관,은뜨락도서관,은평구,진관동
공공도서관,중랑상봉도서관,중랑구,상봉동
공공도서관,해운대도서관 우동분관,해운대구,우동
공공도서관,동구어린이영어도서관,동구,수정동
공공도서관,대구2.28기념학생도서관 (구 대봉도서관),동구,신암동
공공도서관,동일공공도서관,동구,신천동
공공도서관,달서영어도서관,달서구,송현동
공공도서관,수성구립 무학숲도서관,수성구,지산동
공공도서관,인천광역시교육청계양도서관,계양구,계산동
공공도서관,인천광역시교육청중앙도서관,남동구,구월동
공공도서관,인천광역시교육청화도진도서관,동구,화수동
공공도서관,인천광역시교육청주안도서관,미추홀구,주안동
공공도서관,인천광역시교육청부평도서관,부평구,십정동
공공도서관,인천광역시교육청북구도서관,부평구,부평동
공공도서관,인천광역시교육청서구도서관,서구,가좌동
공공도서관,인천광역시교육청연수도서관,연수구,선학동
공공도서관,인천광역시교육청평생학습관,연수구,동춘동
공공도서관,용비도서관,미추홀구,용현동
공공도서관,이랑어린이도서관,미추홀구,주안동
공공도서관,인천광역시마전도서관,서구,마전동
공공도서관,송촌도서관,대덕구,송촌동
공공도서관,신탄진도서관,대덕구,신탄진동
공공도서관,안산도서관,대덕구,법동
공공도서관,월평도서관,서구,갈마동
공공도서관,원신흥도서관,유성구,원신흥동
공공도서관,울주천상도서관,울주군,범서읍 천상리
공공도서관,고운남측도서관,세종시,고운동
공공도서관,장기도서관,김포시,장기동
공공도서관,풍무도서관,김포시,풍무동
공공도서관,부천시립역곡도서관,부천시,역곡동
공공도서관,성남시 서현도서관,성남시 분당구,서현동
공공도서관,망포글빛도서관,수원시 영통구,망포동
공공도서관,시흥시 목감도서관,시흥시,목감동
공공도서관,옥정호수도서관,양주시,옥정동
공공도서관,대신도서관,여주시,대신면 율촌리
공공도서관,소리울도서관,오산시,원동
공공도서관,의정부미술도서관,의정부시,민락동
공공도서관,의정부정보도서관,의정부시,의정부동
공공도서관,월롱도서관,파주시,월롱면 위전리
공공도서관,평택시립 비전도서관,평택시,비전동
공공도서관,송린이음터도서관,화성시,새솔동
공공도서관,화성시 다원이음터도서관,화성시,영천동
공공도서관,원주시립중앙도서관,원주시,단구동
공공도서관,서석도서관,홍천군,서석면 풍암리
공공도서관,청주열린도서관,청주시 청원구,내덕동
공공도서관,청주금빛도서관,청주시 상당구,금천동
공공도서관,충주어린이청소년도서관,충주시,용산동
공공도서관,공주기적의도서관,공주시,월송동
공공도서관,논산열린도서관,논산시,지산동
공공도서관,보령시중앙도서관,보령시,대천동
공공도서관,전라북도교육문화회관,전주시 덕진구,진북동
공공도서관,콩쥐팥쥐도서관,완주군,이서면 갈산리
공공도서관,순천만생태문화교육원,순천시,연향동
공공도서관,경북도서관,예천군,호명면 산합리
공공도서관,김해지혜의바다,김해시,주촌면 내삼리
공공도서관,진주시립서부도서관,진주시,이현동
공공도서관,진주시립연암도서관,진주시,상대동
박물관,국립중앙박물관,용산구,용산동6가
박물관,국립민속박물관,종로구,세종로
박물관,대한민국역사박물관,종로구,세종로
박물관,국립한글박물관,용산구,용산동6가
박물관,국립국악원 국악박물관,서초구,서초동
박물관,국립극장 공연예술박물관,중구,장충동2가
박물관,한국영화박물관,마포구,상암동
박물관,국립고궁박물관,종로구,세종로
박물관,석조전 대한제국역사관,중구,정동
박물관,육군박물관,노원구,공릉동
박물관,국토발전전시관,중구,정동
박물관,국립경찰박물관,종로구,신문로2가
박물관,국립관세박물관,강남구,논현동
박물관,국회 헌정기념관,영등포구,여의도동
박물관,둘리뮤지엄,도봉구,쌍문동
박물관,서대문자연사박물관,서대문구,연희동
박물관,서대문형무소역사관,서대문구,현저동
박물관,서울교육박물관,종로구,화동
박물관,서울상상나라,광진구,능동
박물관,서울약령시한의약박물관,동대문구,제기동
박물관,서울역사박물관,종로구,신문로2가
박물관,성북선잠박물관,성북구,성북동
박물관,손기정기념관,중구,만리동2가
박물관,수도박물관,성동구,성수동1가
박물관,암사동선사유적박물관,강동구,암사동
박물관,은평역사한옥박물관,은평구,진관동
박물관,청계천박물관,성동구,마장동
박물관,한성백제박물관,송파구,방이동
박물관,허준박물관,강서구,가양동
박물관,송파책박물관,송파구,가락동
박물관,서울우리소리박물관,종로구,와룡동
박물관,가회민화박물관,종로구,가회동
박물관,경기여자고등학교 경운박물관,강남구,개포동
박물관,고촌이종근기념관,서대문구,충정로3가
박물관,관문사 성보박물관,서초구,우면동
박물관,그레뱅뮤지엄,중구,을지로1가
박물관,기생충박물관,강서구,화곡동
박물관,김달진미술자료박물관,종로구,홍지동
박물관,농협 농업박물관,중구,충정로1가
박물관,도산안창호기념관,강남구,신사동
박물관,떡박물관,종로구,와룡동
박물관,롯데월드민속박물관,송파구,잠실동
박물관,명인박물관,종로구,가회동
박물관,목인박물관 목석원,종로구,부암동
박물관,뮤지엄김치간,종로구,관훈동
박물관,박을복자수박물관,강북구,우이동
박물관,배재학당역사박물관,중구,정동
박물관,백범김구기념관,용산구,효창동
박물관,보나장신구박물관,종로구,인사동
박물관,북촌동양문화박물관,종로구,삼청동
박물관,북촌박물관,종로구,가회동
박물관,북촌생활사박물관,종로구,삼청동
박물관,불교중앙박물관,종로구,견지동
박물관,브이센터 더 라이브 뮤지엄,강동구,고덕동
박물관,삼성출판박물관,종로구,구기동
박물관,샬트르 성 바오로 수녀회 역사박물관,중구,명동2가
박물관,서울대학교병원 의학박물관,종로구,연건동
박물관,세계골프역사박물관,강남구,대치동
박물관,다문화박물관,은평구,불광동
박물관,세계장신구박물관,종로구,화동
박물관,쉼박물관,종로구,홍지동
박물관,신문박물관 PRESSEUM,종로구,세종로
박물관,영인문학관,종로구,평창동
박물관,우리옛돌박물관,성북구,성북동
박물관,우리은행 은행사박물관,중구,회현동1가
박물관,우석뮤지엄,서대문구,창천동
박물관,유금와당박물관,종로구,부암동
박물관,이한열기념관,마포구,노고산동
박물관,이화박물관,중구,정동
박물관,인도박물관,서초구,서초동
박물관,전기박물관,서초구,서초동
박물관,전쟁과여성인권박물관,마포구,성산동
박물관,전쟁기념관,용산구,용산동1가
박물관,종이나라박물관,중구,장충동1가
박물관,짚풀생활사박물관,종로구,명륜2가
박물관,초전섬유·퀼트박물관,중구,남산동1가
박물관,춘원당한방박물관,종로구,낙원동
박물관,코리아나 화장박물관,강남구,신사동
박물관,탄허기념불교박물관,강남구,자곡동
박물관,피규어뮤지엄W,강남구,청담동
박물관,한국가구박물관,성북구,성북동
박물관,한국광고박물관,송파구,신천동
박물관,한국금융사박물관,중구,태평로1가
박물관,한국색동박물관,종로구,권농동
박물관,한국은행 화폐박물관,중구,남대문로3가
박물관,한국잡지박물관,영등포구,여의도동
박물관,한국천주교순교자박물관,마포구,합정동
박물관,한국현대문학관,중구,장충동2가
박물관,한무숙문학관,종로구,명륜1가
박물관,한익환서울아트박물관,용산구,한남동
박물관,혜곡최순우기념관,성북구,성북동
박물관,호림박물관(신림본관),관악구,신림동
박물관,호림박물관(신사분관),강남구,신사동
박물관,화정박물관,종로구,평창동
박물관,평강성서유물박물관,구로구,오류동
박물관,간송박물관,성북구,성북동
박물관,꼭두박물관(휴관),종로구,명륜2가
박물관,쇳대박물관(휴관),종로구,동숭동
박물관,서울올림픽기념관,송파구,방이동
박물관,안중근의사기념관,중구,남대문로5가
박물관,건국대학교 박물관,광진구,화양동
박물관,경희대학교 자연사박물관,동대문구,회기동
박물관,경희대학교 중앙박물관,동대문구,회기동
박물관,고려대학교박물관,성북구,안암동5가
박물관,국민대학교 박물관,성북구,정릉동
박물관,덕성여자대학교 박물관,도봉구,쌍문동
박물관,동국대학교 박물관,중구,필동3가
박물관,동덕여자대학교발물관,성북구,하월곡동
박물관,삼육대학교 박물관,노원구,공릉동
박물관,상명대학교 박물관,종로구,평창동
박물관,서울대학교 치의학대학원 치의학박물관,종로구,연건동
박물관,서울대학교 박물관,관악구,신림동
박물관,서울시립대학교 박물관,동대문구,전농동
박물관,서울여자대학교 박물관,노원구,공릉동
박물관,성균관대학교 박물관,종로구,명륜3가
박물관,성신여자대학교 박물관,성북구,돈암동
박물관,성신여자대학교 자연사박물관,강북구,미아동
박물관,성신여자대학교 정원박광훈복식박물관,강북구,미아동
박물관,세종대학교 박물관,광진구,군자동
박물관,숭실대학교 한국기독교박물관,동작구,상도동
박물관,연세대학교 박물관,서대문구,신촌동
박물관,이화여자대학교 박물관,서대문구,대현동
박물관,이화여자대학교 자연사박물관,서대문구,대현동
박물관,한양대학교 박물관,성동구,사근동
박물관,홍익대학교 박물관,마포구,상수동
박물관,숙명여자대학교 박물관,용산구,청파동2가
박물관,숙명여자대학교 정영양자수박물관,용산구,청파동2가
박물관,경희대학교 한의학역사박물관(휴관),동대문구,회기동
박물관,국립일제강제동원역사관,남구,대연동
박물관,국립해양박물관,영도구,동삼동
박물관,동삼동패총전시관,영도구,동삼동
박물관,복천박물관,동래구,복천동
박물관,부산근대역사관,중구,대청동2가
박물관,부산박물관,남구,대연동
박물관,부산시민공원역사관,부산진구,범전동
박물관,부산어촌민속관,북구,화명동
박물관,부산영화체험박물관,중구,동광동3가
박물관,부산해양자연사박물관,동래구,온천동
박물관,사상생활사박물관,사상구,삼락동
박물관,임시수도기념관,서구,부민동3가
박물관,정관박물관,기장군,정관읍 방곡리
박물관,록봉민속교육박물관,강서구,천성동
박물관,범어사 성보박물관,금정구,청룡동
박물관,부산포민속박물관,부산진구,부전동
박물관,오륜대 한국순교자박물관,금정구,부곡동
박물관,유엔평화기념관,남구,대연동
박물관,한국기독교선교박물관,동래구,수안동
박물관,한국거래소 자본시장역사박물관,남구,문현동
박물관,경성대학교 박물관,남구,대연동
박물관,동아대학교 석당박물관,서구,부민동2가
박물관,동의대학교 박물관,부산진구,가야동
박물관,동주대학교 석파박물관,사하구,괴정동
박물관,부경대학교 박물관,남구,대연동
박물관,부산과학기술대학교 민속자료실 박물관,북구,구포동
박물관,부산대학교 박물관,금정구,장전동
박물관,신라대학교 박물관,사상구,괘법동
박물관,부산여자대학교 한국차박물관,부산진구,양정동
박물관,한국해양대학교 박물관,영도구,동삼동
박물관,부산교육대학교 한새뮤지엄(교육박물관),연제구,거제동
박물관,국립대구박물관,수성구,황금동
박물관,국채보상운동기념관,중구,동인동2가
박물관,대구교육박물관,북구,산격동
박물관,대구근대역사관,중구,포정동
박물관,대구향토역사관,중구,달성동
박물관,방짜유기박물관,동구,도학동
박물관,약령시한의약박물관,중구,남성로
박물관,대구섬유박물관,동구,봉무동
박물관,농경생활사박물관,달성군,가창면 용계리
박물관,박물관 수,수성구,범어동
박물관,자연염색박물관,동구,중대동
박물관,전통산업박물관,동구,덕곡동
박물관,대구은행금융박물관,수성구,수성동2가
박물관,경북대학교 박물관,북구,산격동
박물관,계명대학교 행소박물관,달서구,신당동
박물관,대구보건대학교 인당뮤지엄,북구,태전동
박물관,강화역사박물관,강화군,하점면 부근리
박물관,강화자연사박물관,강화군,하점면 부근리
박물관,강화전쟁박물관,강화군,강화읍 갑곳리
박물관,검단선사박물관,서구,원당동
박물관,인천광역시 서구 녹청자박물관,서구,경서동
박물관,부평역사박물관,부평구,삼산동
박물관,소래역사관,남동구,논현동
박물관,수도국산달동네박물관,동구,송림동
박물관,영종역사관,중구,중산동
박물관,인천광역시 시립박물관,연수구,옥련동
박물관,인천개항박물관,중구,중앙동1가
박물관,인천도시역사관,연수구,송도동
박물관,짜장면박물관,중구,선린동
박물관,한국근대문학관,중구,해안동2가
박물관,한국이민사박물관,중구,북성동1가
박물관,가천박물관,연수구,옥련동
박물관,국제성서박물관,미추홀구,주안동
박물관,범패민속문화박물관,미추홀구,숭의동
박물관,옥토끼우주센터,강화군,불은면 두운리
박물관,애보박물관,남동구,운연동
박물관,인천어린이박물관,미추홀구,문학동
박물관,인천학생6.25참전관,중구,용동
박물관,재미난박물관,중구,중앙동1가
박물관,초연다구박물관,중구,송학동3가
박물관,한국선교역사기념관,부평구,삼산동
박물관,한국전통음식박물관,남동구,운연동
박물관,혜명단청박물관,중구,중앙동3가
박물관,인하대학교 박물관,미추홀구,용현동
박물관,국립광주박물관,북구,매곡동
박물관,아시아문화박물관,동구,광산동
박물관,광주광역시립민속박물관,북구,용봉동
박물관,광주김치박물관,남구,임암동
박물관,남도향토음식박물관,북구,삼각동
박물관,비움박물관,동구,대의동
박물관,한국미용박물관,북구,중흥동
박물관,KJB금융박물관,동구,대인동
박물관,광주교육대학교 교육박물관,북구,풍향동
박물관,전남대학교 박물관,북구,용봉동
박물관,전남대학교 의학박물관,동구,학동
박물관,조선대학교 박물관,동구,서석동
박물관,대전시립박물관,유성구,상대동
박물관,선사박물관,유성구,노은동
박물관,한밭교육박물관,동구,삼성동
박물관,한국족보박물관,중구,침산동
박물관,옛터민속박물관,동구,하소동
박물관,한국수자원공사 대청댐물문화관,대덕구,미호동
박물관,한국조폐공사 화폐박물관,유성구,가정동
박물관,한국지질자원연구원 지질박물관,유성구,가정동
박물관,대전대학교박물관,동구,용운동
박물관,배재대학교 박물관,서구,도마동
박물관,충남대학교 박물관,유성구,궁동
박물관,충남대학교 자연사박물관,유성구,궁동
박물관,한남대학교 자연사박물관,대덕구,오정동
박물관,한남대학교 중앙박물관,대덕구,오정동
박물관,KAIST 비전관,유성구,구성동
박물관,충렬공박제상기념관,울주군,두동면 만화리
박물관,울산박물관,남구,신정동
박물관,울산대곡박물관,울주군,두동면 천전리
박물관,울산암각화박물관,울주군,두동면 천전리
박물관,울산옹기박물관,울주군,온양읍 고산리
박물관,울주민속박물관,울주군,온양읍 고산리
박물관,외솔기념관,중구,동동
박물관,장생포고래박물관,남구,매암동
박물관,울산해양박물관,울주군,서생면 대송리
박물관,울산대학교박물관,남구,무거동
박물관,국립조세박물관,세종특별자치시,나성동
박물관,세종시립민속박물관,세종특별자치시,전의면 금사리
박물관,충청남도산림박물관,세종특별자치시,금남면 도남리
박물관,교과서박물관,세종특별자치시,연동면 내판리
박물관,세종전통장류박물관,세종특별자치시,전동면 청송리
박물관,한국여인생활사박물관,세종특별자치시,조치원읍 신안리
박물관,연기향토박물관,세종특별자치시,연서면 청라리
박물관,국립6.25전쟁납북자기념관,파주시,문산읍 사목리
박물관,국립수목원 산림박물관,포천시,소흘읍 직동리
박물관,국립여성사전시관,고양시,화정동
박물관,세종대왕역사문화관,여주시,능서면 왕대리
박물관,지도박물관,수원시,원천동
박물관,고양가와지볍씨박물관,고양시,원흥동
박물관,고구려대장간마을,구리시,아천동
박물관,고양어린이박물관,고양시,화정동
박물관,과천시 추사박물관,과천시,주암동
박물관,경기도박물관,용인시,상갈동
박물관,경기도어린이박물관,용인시,상갈동
박물관,경기도자박물관,광주시,곤지암읍 삼리
박물관,김중업건축박물관,안양시,석수동
박물관,남양주시립박물관,남양주시,와부읍 팔당리
박물관,동두천시 경기북부어린이박물관,동두천시,상봉암동
박물관,명성황후기념관,여주시,능현동
박물관,몽양기념관,양평군,양서면 신원리
박물관,부천교육박물관,부천시,춘의동
박물관,부천수석박물관,부천시,춘의동
박물관,부천옹기박물관,부천시,여월동
박물관,부천유럽자기박물관,부천시,춘의동
박물관,부천자연생태박물관,부천시,춘의동
박물관,부천펄벅기념관,부천시,심곡본동
박물관,부천활박물관,부천시,춘의동
박물관,수원박물관,수원시,이의동
박물관,수원화성박물관,수원시,매향동
박물관,수원광교박물관,수원시,이의동
박물관,성호기념관,안산시,이동
박물관,세미원연꽃박물관,양평군,양서면 용담리
박물관,시흥오이도박물관,시흥시,정왕동
박물관,실학박물관,남양주시,조안면 능내리
박물관,안산어촌민속박물관,안산시,선감동
박물관,안산향토사박물관,안산시,사동
박물관,안성맞춤박물관,안성시,대덕면 내리
박물관,안성3.1운동기념관,안성시,원곡면 칠곡리
박물관,안양박물관,안양시,석수동
박물관,양주시립회암사지박물관,양주시,율정동
박물관,양평곤충박물관,양평군,옥천면 옥천리
박물관,양평친환경농업박물관,양평군,용문면 신점리
박물관,여주박물관,여주시,천송동
박물관,여주시립폰박물관,여주시,연양동
박물관,용인시박물관,용인시,중동
박물관,유엔군 초전기념관,오산시,외삼미동
박물관,의왕향토사료관,의왕시,고천동
박물관,이천세계도자센터,이천시,관고동
박물관,이천시립박물관,이천시,관고동
박물관,자유수호평화박물관,동두천시,상봉암동
박물관,전곡선사박물관,연천군,전곡읍 전곡리
박물관,제암리 3.1운동 순국기념관,화성시,향남읍 제암리
박물관,최용신기념관,안산시,본오동
박물관,판교박물관,성남시,판교동
박물관,포천 역사문화관,포천시,신읍동
박물관,하남역사박물관,하남시,덕풍동
박물관,한국만화박물관,부천시,상동
박물관,화성시 향토박물관,화성시,향남읍 행정리
박물관,황순원문학촌 소나기마을,양평군,서종면 수능리
박물관,(재)중남미문화원병설박물관,고양시,고양동
박물관,증권박물관,고양시,백석동
박물관,김포 다도박물관,김포시,월곶면 개곡리
박물관,덕소자연사박물관,남양주시,와부읍 도곡리
박물관,덕포진교육박물관,김포시,대곶면 신안리
박물관,돌석도예박물관,안양시,안양동
박물관,두루뫼사료관,파주시,법원읍 법원리
박물관,부천로보파크전시관,부천시,약대동
박물관,만해기념관,광주시,남한산성면 산성리
박물관,말박물관,과천시,주암동
박물관,목아박물관,여주시,강천면 이호리
박물관,미호박물관,남양주시,수석동
박물관,배다골민속박물관,고양시,화정동
박물관,벽봉한국장신구박물관,파주시,탄현면 법흥리
박물관,사람박물관얼굴,광주시,남종면 분원리
박물관,삶의이야기가있는집,용인시,원삼면 사암리
박물관,삼성화재교통박물관,용인시,포곡읍 유운리
박물관,세계민속악기박물관(헤이리),파주시,탄현면 법흥리
박물관,세계인형박물관,파주시,탄현면 법흥리
박물관,대한불교조계종봉녕사 세주묘엄박물관,수원시,우만동
박물관,신영숙컬렉션박물관,용인시,영덕동
박물관,아해한국전통문화어린이박물관,과천시,주암동
박물관,아프리카예술박물관,포천시,소흘읍 무림리
박물관,양평아프리카문화예술박물관,양평군,용문면 금곡리
박물관,옹청박물관,여주시,산북면 송현리
박물관,왈츠와 닥터만 커피박물관,남양주시,조안면 삼봉리
박물관,여성생활사박물관,여주시,강천면 굴암리
박물관,여주곤충박물관,여주시,상거동
박물관,영집궁시박물관,파주시,탄현면 법흥리
박물관,예아리박물관,용인시,백암면 근삼리
박물관,외할머니의 부엌,김포시,대곶면 신안리
박물관,용주사 효행박물관,화성시,송산동
박물관,우석헌자연사박물관,남양주시,진접읍 내각리
박물관,유진민속박물관,고양시,원흥동
박물관,이풀실내정원,안산시,팔곡일동
박물관,일본군위안부역사관,광주시,퇴촌면 원당리
박물관,잔아문학박물관,양평군,서종면 문호리
박물관,조명박물관,양주시,광적면 석우리
박물관,조병화문학관,안성시,양성면 난실리
박물관,종자와 시인 박물관,연천군,연천읍 고문리
박물관,창조자연사박물관,시흥시,신천동
박물관,철도박물관,의왕시,월암동
박물관,충현박물관,광명시,소하동
박물관,타임앤블레이드박물관,파주시,탄현면 법흥리
박물관,파주나비나라박물관,파주시,문발동
박물관,풀짚공예박물관,광주시,오포읍 신현리
박물관,프라움악기박물관,남양주시,와부읍 도곡리
박물관,피노지움,파주시,문발동
박물관,한과문화박물관,포천시,영북면 산정리
박물관,한국근현대사박물관,파주시,탄현면 법흥리
박물관,한국기독교역사박물관,이천시,대월면 초지리
박물관,(재)한국등잔박물관,용인시,모현읍 능원리
박물관,한국민속촌 박물관,용인시,보라동
박물관,한국카메라박물관,과천시,막계동
박물관,한국탁본자료관,남양주시,와부읍 도곡리
박물관,한길책박물관,파주시,탄현면 법흥리
박물관,한얼고문서유물관,여주시,대신면 옥촌리
박물관,한얼과학문화관,여주시,대신면 옥촌리
박물관,한얼산업디자인유물관,여주시,대신면 옥촌리
박물관,한얼의학유물관,여주시,대신면 옥촌리
박물관,한얼전적유물관,여주시,대신면 옥촌리
박물관,한얼카메라유물관,여주시,대신면 옥촌리
박물관,한향림옹기박물관,파주시,탄현면 법흥리
박물관,허브아일랜드식물원,포천시,신북면 삼정리
박물관,호암미술관,용인시,포곡읍 가실리
박물관,화폐박물관,파주시,탄현면 법흥리
박물관,설민민화박물관(휴관),용인시,해곡동
박물관,신세계한국상업사박물관(휴관),용인시,남사면 창리
박물관,예당국악박물관(휴관),남양주시,수석동
박물관,경기대학교 소성박물관,수원시,이의동
박물관,경희대학교 혜정박물관,용인시,서천동
박물관,단국대학교 석주선기념박물관,용인시,죽전동
박물관,명지대학교 박물관,용인시,남동
박물관,수원대학교 박물관,화성시,봉담읍 와우리
박물관,신구대학교 우촌박물관,성남시,금광동
박물관,아주대학교 도구박물관,수원시,원천동
박물관,용인대학교 박물관,용인시,삼가동
박물관,청강만화역사박물관,이천시,마장면 해월리
박물관,한국항공대학교 항공우주박물관,고양시,화전동
박물관,한신대학교 박물관,오산시,양산동
박물관,국립춘천박물관,춘천시,석사동
박물관,국립산악박물관,속초시,노학동
박물관,강원경찰박물관,춘천시,신북읍 율문리
박물관,강원도디엠제트박물관,고성군,현내면 송현리
박물관,강원도산림박물관,춘천시,사농동
박물관,대관령박물관,강릉시,성산면 어흘리
박물관,김시습기념관,강릉시,운정동
박물관,허균허난설헌기념관,강릉시,초당동
박물관,마리소리골악기박물관,홍천군,서석면 검산리
박물관,박인환문학관,인제군,인제읍 상동리
박물관,삼척시립박물관,삼척시,성남동
박물관,속초시립박물관,속초시,노학동
박물관,숲사랑홍보관,강릉시,사천면 덕실리
박물관,아리랑박물관,정선군,정선읍 애산리
박물관,양구선사박물관,양구군,양구읍 하리
박물관,양구근현대사박물관,양구군,양구읍 하리
박물관,양구백자박물관,양구군,방산면 장평리
박물관,양구인문학박물관,양구군,양구읍 동수리
박물관,오산리선사유적박물관,양양군,손양면 오산리
박물관,어촌민속전시관,삼척시,원덕읍 갈남리
박물관,여초서예관,인제군,북면 용대리
박물관,오죽헌시립박물관,강릉시,죽헌동
박물관,원주시역사박물관,원주시,봉산동
박물관,의암류인석기념관,춘천시,남면 가정리
박물관,춘천인형극박물관,춘천시,사농동
박물관,인제산촌민속박물관,인제군,인제읍 상동리
박물관,정선향토박물관,정선군,화암면 화암리
박물관,애니메이션박물관,춘천시,서면 현암리
박물관,춘천막국수체험박물관,춘천시,신북읍 산천리
박물관,태백고생대자연사박물관,태백시,동점동
박물관,태백석탄박물관,태백시,소도동
박물관,파로호 안보전시관,화천군,간동면 구만리
박물관,팔랑민속관,양구군,동면 팔랑리
박물관,한국시집박물관,인제군,북면 용대리
박물관,홍천향토사료관,홍천군,홍천읍 연봉리
박물관,화진포 생태박물관,고성군,거진읍 화포리
박물관,화진포 역사안보전시관,고성군,거진읍 화포리
박물관,황영조기념관,삼척시,근덕면 초곡리
박물관,6.25전쟁체험기념관,고성군,현내면 명호리
박물관,별마로천문대,영월군,영월읍 영흥리
박물관,난고 김삿갓 문학관,영월군,김삿갓면 와석리
박물관,동강사진박물관,영월군,영월읍 하송리
박물관,영월동굴생태관,영월군,김삿갓면 진별리
박물관,강원도탄광문화촌,영월군,북면 마차리
박물관,동강생태정보센터,영월군,영월읍 삼옥리
박물관,영월Y파크(술샘박물관),영월군,주천면 주천리
박물관,라디오스타박물관,영월군,영월읍 영흥리
박물관,단종역사관,영월군,영월읍 영흥리
박물관,화천민속박물관,화천군,하남면 위라리
박물관,강릉선교장 박물관,강릉시,운정동
박물관,강릉커피박물관,강릉시,왕산면 왕산리
박물관,강원감영관찰사박물관,원주시,흥업면 사제리
박물관,강원랜드뿌리관,정선군,사북읍 사북리
박물관,동양자수박물관,강릉시,죽헌동
박물관,만봉불화박물관,영월군,김삿갓면 예밀리
박물관,만해문학박물관,인제군,북면 용대리
박물관,무릉고서화미술박물관,원주시,흥업면 사제리
박물관,뮤지엄 산(페이퍼갤러리),원주시,지정면 월송리
박물관,비엔나인형박물관,평창군,대관령면 용산리
박물관,사립강원종합박물관,삼척시,신기면 신기리
박물관,삼탄아트마인,정선군,고한읍 고한리
박물관,세계민속악기박물관,영월군,남면 연당리
박물관,손성목영화박물관,강릉시,저동
박물관,아라리인형의집 인형극 박물관,정선군,북평면 나전리
박물관,엄마꿈박물관,강릉시,구정면 여찬리
박물관,에디슨과학박물관,강릉시,저동
박물관,영월곤충박물관,영월군,영월읍 삼옥리
박물관,영월미디어기자박물관,영월군,한반도면 광전리
박물관,영월아프리카미술박물관,영월군,김삿갓면 진별리
박물관,영월종교미술박물관,영월군,북면 문곡리
박물관,영월초등교육박물관,영월군,북면 문곡리
박물관,영월화석박물관,영월군,주천면 판운리
박물관,왕조실록의궤박물관,평창군,진부면 동산리
박물관,원주허브팜식물박물관,원주시,무실동
박물관,월정사성보박물관,평창군,진부면 동산리
박물관,인도미술박물관,영월군,주천면 금마리
박물관,정동진시간박물관,강릉시,강동면 정동진리
박물관,조선민화박물관,영월군,김삿갓면 와석리
박물관,참소리축음기박물관,강릉시,저동
박물관,책과인쇄박물관,춘천시,신동면 증리
박물관,추억의박물관,정선군,신동읍 조동리
박물관,치악산고판화박물관,원주시,신림면 황둔리
박물관,피노키오박물관,강릉시,강동면 정동진리
박물관,한얼문예박물관,횡성군,우천면 용둔리
박물관,호안다구박물관,영월군,김삿갓면 내리
박물관,호야지리박물관,영월군,무릉도원면 무릉리
박물관,환희컵 박물관,강릉시,대전동
박물관,LISEUM세계민족악기전시관,춘천시,남산면 방하리
박물관,고려궁박물관,평창군,대관령면 용산리
박물관,인제스피디움 클래식카 박물관,인제군,기린면 북리
박물관,금강산자연사박물관(휴관),고성군,현내면 죽정리
박물관,치악민속박물관(휴관),원주시,행구동
박물관,자연아놀자박물관,강릉시,포남동
박물관,경포아쿠아리움,강릉시,초당동
박물관,가톨릭관동대학교 박물관,강릉시,내곡동
박물관,강릉원주대학교 박물관,강릉시,지변동
박물관,강원대학교 중앙박물관,춘천시,효자동
박물관,연세대학교 원주박물관,원주시,흥업면 매지리
박물관,한림대학교 박물관,춘천시,옥천동
박물관,국립청주박물관,청주시,명암동
박물관,공군박물관,청주시,남일면 쌍수리
박물관,감우재전승기념관,음성군,음성읍 소여리
박물관,난계국악박물관,영동군,심천면 고당리
박물관,농업역사박물관,괴산군,괴산읍 검승리
박물관,보은향토민속자료전시관,보은군,보은읍 이평리
박물관,솔향공원 소나무전시관,보은군,속리산면 갈목리
박물관,수양개선사유물전시관,단양군,적성면 애곡리
박물관,영동향토민속자료전시관,영동군,심천면 고당리
박물관,옥천향토전시관,옥천군,안내면 장계리
박물관,음성군 향토민속자료전시관,음성군,음성읍 읍내리
박물관,의림지 역사박물관,제천시,모산동
박물관,제8대유엔사무총장반기문 평화기념관,음성군,원남면 상당리
박물관,제천국제발효박물관,제천시,왕암동
박물관,제천유물전시관,제천시,청풍면 물태리
박물관,제천의병전시관,제천시,봉양읍 공전리
박물관,조동리선사유적박물관,충주시,동량면 조동리
박물관,증평민속체험박물관,증평군,증평읍 남하리
박물관,진천종박물관,진천군,진천읍 장관리
박물관,청주고인쇄박물관,청주시,운천동
박물관,청주백제유물전시관,청주시,신봉동
박물관,충렬사 유물전시관,충주시,단월동
박물관,충북교육박물관,청주시,영동
박물관,충주박물관,충주시,중앙탑면 탑평리
박물관,충주세계무술박물관,충주시,금릉동
박물관,충청북도농업과학관,청주시,오창읍 괴정리
박물관,한지체험박물관,괴산군,연풍면 원풍리
박물관,가산박물관,옥천군,안내면 용촌리
박물관,농민문학기념관,영동군,매곡면 노천리
박물관,동곡박물관,영동군,영동읍 계산리
박물관,불교천태중앙박물관,단양군,영춘면 백자리
박물관,세계술문화박물관,충주시,중앙탑면 탑평리
박물관,지적박물관,제천시,금성면 양화리
박물관,철박물관,음성군,감곡면 오향리
박물관,한국잠사박물관,청주시,강내면 학천리
박물관,한국차문화박물관,제천시,봉양읍 마곡리
박물관,한독의약박물관,음성군,대소면 대풍리
박물관,매괴박물관,음성군,감곡면 왕장리
박물관,예뿌리민속박물관(휴관),청주시,가덕면 금거리
박물관,중원대학교 박물관,괴산군,괴산읍 동부리
박물관,청주대학교 박물관,청주시,내덕동
박물관,충북대학교 박물관,청주시,개신동
박물관,한국교원대학교 교육박물관,청주시,강내면 다락리
박물관,한국교통대학교 박물관,충주시,대소원면 검단리
박물관,국립공주박물관,공주시,웅진동
박물관,국립부여박물관,부여군,부여읍 동남리
박물관,국립해양문화재연구소 태안해양유물전시관,태안군,근흥면 신진도리
박물관,국립해양생물자원관 씨큐리움,서천군,장항읍 송림리
박물관,충무공이순신기념관,아산시,염치읍 백암리
박물관,칠백의총관리소(기념관),금산군,금성면 의총리
박물관,우정박물관,천안시,유량동
박물관,결성농요농사박물관,홍성군,결성면 읍내리
박물관,고남패총박물관,태안군,고남면 고남리
박물관,금산역사문화박물관,금산군,금산읍 중도리
박물관,금산인삼관,금산군,금산읍 신대리
박물관,기지시줄다리기박물관,당진시,송악읍 기지시리
박물관,능산리고분군전시관,부여군,부여읍 능산리
박물관,백제군사박물관,논산시,부적면 신풍리
박물관,백제역사문화관,부여군,규암면 합정리
박물관,보령박물관,보령시,대천동
박물관,보령석탄박물관,보령시,성주면 개화리
박물관,서천 이하복 고택 전시관,서천군,기산면 신산리
박물관,석오이동녕기념관,천안시,목천읍 동리
박물관,석장리박물관,공주시,석장리동
박물관,송산리고분군모형전시관,공주시,웅진동
박물관,심훈기념관,당진시,송악읍 부곡리
박물관,영인산산림박물관,아산시,염치읍 강청리
박물관,외암민속관,아산시,송악면 외암리
박물관,유관순열사기념관,천안시,병천면 탑원리
박물관,유류피해극복기념관,태안군,소원면 의항리
박물관,윤봉길의사기념관,예산군,덕산면 시량리
박물관,정림사지박물관,부여군,부여읍 동남리
박물관,천안박물관,천안시,삼룡동
박물관,천안흥타령관,천안시,삼룡동
박물관,청양군백제문화체험박물관,청양군,대치면 장곡리
박물관,충청남도역사박물관,공주시,중동
박물관,합덕수리민속박물관,당진시,합덕읍 합덕리
박물관,홍주성역사관,홍성군,홍성읍 오관리
박물관,계룡산자연사박물관,공주시,반포면 학봉리
박물관,공주기독교박물관,공주시,봉황동
박물관,한국민속극박물관,공주시,의당면 청룡리
박물관,도계민화박물관,천안시,구성동
박물관,독립기념관,천안시,목천읍 남화리
박물관,동산박물관,공주시,반포면 봉곡리
박물관,복권박물관,천안시,안서동
박물관,부여생활사박물관,부여군,규암면 호암리
박물관,수덕사근역성보관,예산군,덕산면 사천리
박물관,아산정린박물관,아산시,배방읍 휴대리
박물관,안면도쥬라기박물관,태안군,남면 신온리
박물관,온양민속박물관,아산시,권곡동
박물관,태영민속박물관,금산군,남이면 하금리
박물관,한국고건축박물관,예산군,덕산면 대동리
박물관,한국도량형박물관,당진시,시곡동
박물관,한국문인인장박물관,예산군,광시면 운산리
박물관,한국식기박물관,홍성군,장곡면 산성리
박물관,한국토종씨앗박물관,예산군,대술면 시산리
박물관,공주대학교 박물관,공주시,신관동
박물관,공주교육대학교 박물관,공주시,봉황동
박물관,백석대학교 기독교박물관,천안시,안서동
박물관,선문대학교 박물관,아산시,탕정면 갈산리
박물관,한서대학교 박물관,서산시,해미면 대곡리
박물관,국립익산박물관,익산시,금마면 기양리
박물관,국립전주박물관,전주시,효자동2가
박물관,국립태권도박물관,무주군,설천면 청량리
박물관,국립전사박물관,익산시,여산면 두여리
박물관,고부역사문화관,정읍시,고부면 고부리
박물관,고창고인돌박물관,고창군,고창읍 도산리
박물관,고창판소리박물관,고창군,고창읍 읍내리
박물관,구파백정기의사기념관,정읍시,영원면 은선리
박물관,군산근대역사박물관,군산시,장미동
박물관,남원향토박물관,남원시,어현동
박물관,대한민국술테마박물관,완주군,구이면 덕천리
박물관,마한박물관,익산시,금마면 동고도리
박물관,무주곤충박물관,무주군,설천면 청량리
박물관,벽골제농경문화박물관,김제시,부량면 신용리
박물관,보석박물관,익산시,왕궁면 동용리
박물관,부안청자박물관,부안군,보안면 유천리
박물관,순창장류박물관,순창군,순창읍 백산리
박물관,신평면 생활사박물관,임실군,신평면 원천리
박물관,어진박물관,전주시,풍남동3가
박물관,왕궁리유적전시관,익산시,왕궁면 왕궁리
박물관,입점리고분전시관,익산시,웅포면 입점리
박물관,전북산림박물관,순창군,복흥면 서마리
박물관,전주역사박물관,전주시,효자동2가
박물관,전주전통술박물관,전주시,풍남동3가
박물관,정읍시립박물관,정읍시,부전동
박물관,진안역사박물관,진안군,진안읍 단양리
박물관,진안가위박물관,진안군,진안읍 단양리
박물관,동학농민혁명기념관,정읍시,덕천면 하학리
박물관,금산사 성보박물관,김제시,금산면 금산리
박물관,예수병원의학박물관,전주시,중화산동1가
박물관,원불교역사박물관,익산시,신용동
박물관,원숭이학교 자연사박물관,부안군,상서면 감교리
박물관,전주한지박물관,전주시,팔복동2가
박물관,완주책박물관,완주군,삼례읍 후정리
박물관,천호가톨릭성물박물관,완주군,비봉면 내월리
박물관,충간공보물제651호박물관,익산시,삼기면 기산리
박물관,카메라영상박물관,완주군,소양면 신교리
박물관,군산대학교 박물관,군산시,미룡동
박물관,원광대학교 박물관,익산시,신동
박물관,전북대학교 박물관,전주시,금암동
박물관,전주대학교 박물관,전주시,효자동2가
박물관,국립나주박물관,나주시,반남면 신촌리
박물관,국립해양문화재연구소 해양유물전시관,목포시,용해동
박물관,다산박물관,강진군,도암면 만덕리
박물관,고려청자박물관,강진군,대구면 사당리
박물관,고산윤선도유물전시관,해남군,해남읍 연동리
박물관,고흥갑재민속전시관,고흥군,두원면 운대리
박물관,고흥분청문화박물관,고흥군,두원면 운대리
박물관,광양역사문화관,광양시,광양읍 읍내리
박물관,김대중노벨평화상기념관,목포시,산정동
박물관,나주배박물관,나주시,금천면 석전리
박물관,낙안읍성자료관,순천시,낙안면 남내리
박물관,목포문학관,목포시,용해동
박물관,목포생활도자박물관,목포시,용해동
박물관,목포자연사박물관,목포시,용해동
박물관,목포근대역사관1관,목포시,대의동2가
박물관,목포근대역사관2관,목포시,중앙동2가
박물관,백호문학관,나주시,다시면 회진리
박물관,순천만자연생태관,순천시,대대동
박물관,순천시기독교역사박물관,순천시,매곡동
박물관,순천시립뿌리깊은나무박물관,순천시,낙안면 남내리
박물관,여수민속전시관,여수시,율촌면 가장리
박물관,시문학파기념관,강진군,강진읍 남성리
박물관,영암도기박물관,영암군,군서면 서구림리
박물관,장보고기념관,완도군,완도읍 장좌리
박물관,전라남도농업박물관,영암군,삼호읍 나불리
박물관,전라남도산림박물관,완도군,군외면 대문리
박물관,전라병영성 하멜기념관,강진군,병영면 성동리
박물관,증도갯벌생태전시관,신안군,증도면 우전리
박물관,진도역사관,진도군,의신면 사천리
박물관,필암서원 유물전시관,장성군,황룡면 필암리
박물관,하의3도농민운동기념관,신안군,하의면 대리
박물관,한국대나무박물관,담양군,담양읍 천변리
박물관,한국민화뮤지엄,강진군,대구면 사당리
박물관,한국압화박물관,구례군,구례읍 봉서리
박물관,한국차박물관,보성군,보성읍 봉산리
박물관,한국천연염색박물관,나주시,다시면 회진리
박물관,해남공룡박물관,해남군,황산면 우항리
박물관,홍길동 전시관,장성군,황룡면 아곡리
박물관,왕인박사기념관,영암군,군서면 동구림리
박물관,동학농민혁명기념관,장흥군,장흥읍 남외리
박물관,방촌유물전시관,장흥군,관산읍 방촌리
박물관,에로스서각박물관,신안군,암태면 신석리
박물관,세계화석광물박물관,신안군,안좌면 대리
박물관,귀족호도박물관,장흥군,장흥읍 향양리
박물관,규남박물관,화순군,이서면 야사리
박물관,나야나 교육 박물관,담양군,담양읍 향교리
박물관,담양우표박물관,담양군,대전면 대치리
박물관,땅끝해양자연사박물관,해남군,송지면 송호리
박물관,대원사 티벳박물관,보성군,문덕면 죽산리
박물관,대흥사성보박물관,해남군,삼산면 구림리
박물관,도갑사 성보박물관,영암군,군서면 도갑리
박물관,미암박물관,담양군,대덕면 장산리
박물관,송광사성보박물관,순천시,송광면 신평리
박물관,수다라성보박물관,영광군,불갑면 모악리
박물관,와보랑께박물관,강진군,병영면 도룡리
박물관,우리삶문화옥당박물관,영광군,백수읍 대신리
박물관,화엄사성보박물관,구례군,마산면 황전리
박물관,청우요도자기박물관,강진군,대구면 사당리
박물관,히든트릭박물관(휴관),담양군,담양읍 학동리
박물관,선암사성보박물관(휴관),순천시,승주읍 죽학리
박물관,동신대학교 문화박물관,나주시,대호동
박물관,목포대학교 박물관,무안군,청계면 도림리
박물관,순천대학교 박물관,순천시,석현동
박물관,국립경주박물관,경주시,인왕동
박물관,국립낙동강생물자원관,상주시,도남동
박물관,국립등대박물관,포항시,호미곶면 대보리
박물관,경산시립박물관,경산시,사동
박물관,경상북도산림과학박물관,안동시,도산면 동부리
박물관,구미시립민속관,구미시,원평동
박물관,군위숭덕박물관,군위군,군위읍 서부리
박물관,김천세계도자기박물관,김천시,대항면 운수리
박물관,대가야박물관,고령군,대가야읍 지산리
박물관,독도박물관,울릉군,울릉읍 도동리
박물관,문경도자기박물관,문경시,문경읍 진안리
박물관,문경석탄박물관,문경시,가은읍 왕능리
박물관,문경자연생태박물관,문경시,문경읍 하초리
박물관,사촌마을자료관,의성군,점곡면 사촌리
박물관,삼성현역사문화관,경산시,남산면 인흥리
박물관,상주박물관,상주시,사벌국면 삼덕리
박물관,상주동학교당유물전시관,상주시,은척면 우기리
박물관,상주자전거박물관,상주시,도남동
박물관,소수박물관,영주시,순흥면 청구리
박물관,안동민속박물관,안동시,성곡동
박물관,영일민속박물관,포항시,흥해읍 성내리
박물관,영양산촌생활박물관,영양군,입암면 연당리
박물관,예천박물관,예천군,감천면 포리
박물관,옛길박물관,문경시,문경읍 상초리
박물관,옥진각,안동시,도산면 토계리
박물관,우륵박물관,고령군,대가야읍 쾌빈리
박물관,운강이강년기념관,문경시,가은읍 완장리
박물관,울진 봉평리 신라비 전시관,울진군,죽변면 봉평리
박물관,의성조문국박물관,의성군,금성면 초전리
박물관,인삼박물관,영주시,풍기읍 창락리
박물관,전통문화콘텐츠박물관,안동시,동부동
박물관,정기룡장군유물전시관,상주시,사벌국면 금흔리
박물관,청도박물관,청도군,이서면 양원리
박물관,청송민속박물관,청송군,청송읍 송생리
박물관,청송수석꽃돌박물관,청송군,주왕산면 하의리
박물관,칠곡호국평화기념관,칠곡군,석적읍 중지리
박물관,함창명주박물관,상주시,함창읍 교촌리
박물관,청량산박물관,봉화군,명호면 관창리
박물관,총재박물관,봉화군,봉화읍 유곡리
박물관,박열의사기념관,문경시,마성면 오천리
박물관,경산공룡박물관,경산시,남산면 하대리
박물관,경상북도독립운동기념관,안동시,임하면 천전리
박물관,경상북도문화재연구원박물관,영천시,금호읍 원제리
박물관,경주테디베어박물관,경주시,북군동
박물관,금오민속박물관,의성군,무을면 무이리
박물관,보경사성보박물관,포항시,송라면 중산리
박물관,부석사성보박물관,영주시,부석면 북지리
박물관,불국사박물관,경주시,진현동
박물관,안동소주박물관,안동시,수상동
박물관,용문사성보유물관,예천군,용문면 내지리
박물관,유교문화박물관,안동시,도산면 서부리
박물관,은해사성보박물관,영천시,청통면 치일리
박물관,잉카마야박물관,문경시,가은읍 전곡리
박물관,직지성보박물관,김천시,대항면 운수리
박물관,포스코역사박물관,포항시,괴동동
박물관,포항바다화석박물관,포항시,호미곶면 대보리
박물관,하회세계탈박물관,안동시,풍천면 하회리
박물관,한국대중음악박물관,경주시,신평동
박물관,안다미로귀때박물관,칠곡군,기산면 죽전리
박물관,경북과학대학교 박물관,칠곡군,기산면 봉산리
박물관,경북대학교자연사박물관,군위군,효령면 장군리
박물관,경주대학교 박물관,경주시,효현동
박물관,대구가톨릭대학교 역사박물관,경산시,하양읍 금락리
박물관,대구대학교 중앙박물관,경산시,진량읍 내리리
박물관,대구한의대학교 박물관,경산시,유곡동
박물관,동국대학교 경주캠퍼스 박물관,경주시,석장동
박물관,안동대학교 박물관,안동시,송천동
박물관,영남대학교 자연박물관,경산시,대동
박물관,영남대학교 박물관,경산시,대동
박물관,위덕대학교 박물관,경주시,강동면 유금리
박물관,국립김해박물관,김해시,구산동
박물관,국립진주박물관,진주시,남성동
박물관,해군사관학교박물관,창원시,남빈동
박물관,거제어촌민속전시관,거제시,일운면 지세포리
박물관,거창박물관,거창군,거창읍 김천리
박물관,경상남도 산림박물관,진주시,이반성면 대천리
박물관,고성공룡박물관,고성군,하이면 덕명리
박물관,고성박물관,고성군,고성읍 송학리
박물관,고성수석전시관(휴관),고성군,회화면 삼덕리
박물관,고성자연사박물관(휴관),고성군,회화면 삼덕리
박물관,고성탈박물관,고성군,고성읍 율대리
박물관,김해목재문화박물관,김해시,관동동
박물관,김해분청도자박물관,김해시,진례면 송정리
박물관,김해민속박물관,김해시,봉황동
박물관,김해화포천습지 생태박물관,김해시,한림면 퇴래리
박물관,남명기념관,산청군,시천면 사리
박물관,남해유배문학관,남해군,남해읍 남변리
박물관,대성동고분박물관,김해시,대성동
박물관,목면시배유지,산청군,단성면 사월리
박물관,밀양시립박물관,밀양시,교동
박물관,박진전쟁기념관,창녕군,남지읍 월하리
박물관,봉황동유적 패총단면전시관,김해시,서상동
박물관,산청박물관,산청군,생초면 어서리
박물관,산청한의학박물관,산청군,금서면 특리
박물관,성산패총전시관,창원시,외동
박물관,안동문화의집,김해시,안동
박물관,양산시립박물관,양산시,북정동
박물관,웅천도요지전시관,창원시,두동
박물관,의병박물관,의령군,의령읍 중동리
박물관,지리산빨치산토벌전시관,산청군,시천면 중산리
박물관,지리산역사관,하동군,화개면 대성리
박물관,진영문화의집,김해시,진영읍 여래리
박물관,진주청동기문화박물관,진주시,대평면 대평리
박물관,창녕박물관,창녕군,창녕읍 교리
박물관,창녕비봉리패총전시관,창녕군,부곡면 비봉리
박물관,창원시립마산박물관,창원시,추산동
박물관,창원시립진해박물관,창원시,제황산동
박물관,창원역사민속관,창원시,사림동
박물관,통영시립박물관,통영시,도천동
박물관,하동야생차박물관,하동군,화개면 운수리
박물관,함안박물관,함안군,가야읍 도항리
박물관,함양박물관,함양군,함양읍 교산리
박물관,합천박물관,합천군,쌍책면 성산리
박물관,항일독립운동가 주기철목사기념관,창원시,남문동
박물관,진주익룡발자국전시관,진주시,충무공동
박물관,김해시수도박물관,김해시,한림면 명동리
박물관,김해문화의집,김해시,부원동
박물관,진영역철도박물관,김해시,진영읍 진영리
박물관,청마기념관,거제시,둔덕면 방하리
박물관,거제민속박물관,거제시,연초면 명동리
박물관,거제박물관,거제시,옥포동
박물관,김해한림박물관,김해시,한림면 퇴래리
박물관,미리벌민속박물관,밀양시,초동면 범평리
박물관,산청산골박물관,산청군,신안면 갈전리
박물관,얼음골축음기소리박물관,밀양시,산내면 원서리
박물관,영산정사성보박물관,밀양시,무안면 가례리
박물관,옥천사성보박물관,고성군,개천면 북평리
박물관,외도조경식물원,거제시,일운면 와현리
박물관,일준부채박물관,의령군,가례면 괴진리
박물관,장사도해상공원,통영시,한산면 매죽리
박물관,장생도라지박물관,진주시,금곡면 정자리
박물관,진주어린이박물관,진주시,망경동
박물관,토지주택박물관,진주시,충무공동
박물관,통도사성보박물관,양산시,하북면 지산리
박물관,포로수용소유적박물관,거제시,고현동
박물관,표충사호국박물관,밀양시,단장면 구천리
박물관,합천한의학박물관,합천군,용주면 고품리
박물관,항공우주박물관,사천시,사남면 유천리
박물관,해금강테마박물관,거제시,남부면 갈곶리
박물관,해인사성보박물관,합천군,가야면 치인리
박물관,경남대학교 박물관,창원시,월영동
박물관,경상대학교 박물관,진주시,가좌동
박물관,인제대학교 박물관,김해시,어방동
박물관,진주교육대학교 박물관,진주시,신안동
박물관,창원대학교 박물관,창원시,퇴촌동
박물관,국립제주박물관,제주시,건입동
박물관,감귤박물관,서귀포시,신효동
박물관,김만덕기념관,제주시,건입동
박물관,설문대여성문화센터 여성역사문화전시관,제주시,연동
박물관,제주4·3평화기념관,제주시,봉개동
박물관,제주교육박물관,제주시,이도이동
박물관,제주돌문화공원,제주시,조천읍 교래리
박물관,제주특별자치도 민속자연사박물관,제주시,일도이동
박물관,해녀박물관,제주시,구좌읍 상도리
박물관,제주세계자연유산센터 세계유산전시관,제주시,조천읍 선흘리
박물관,제주항일기념관,제주시,조천읍 조천리
박물관,서복전시관,제주시,서귀동
박물관,제주 삼양동 유적,제주시,삼양일동
박물관,한국야구명예의전당,서귀포시,강정동
박물관,제주목 관아,제주시,삼도이동
박물관,항몽유적지,제주시,애월읍 상귀리
박물관,한라산국립공원 산악박물관,제주시,오등동
박물관,제주건강과 性 박물관,서귀포시,안덕면 감산리
박물관,테마공원 선녀와 나무꾼,제주시,조천읍 선흘리
박물관,넥슨컴퓨터박물관,제주시,노형동
박물관,메이즈뮤지움,제주시,구좌읍 평대리
박물관,믿거나말거나,서귀포시,색달동
박물관,방림원 식물원,제주시,한경면 저지리
박물관,본태박물관,서귀포시,안덕면 상천리
박물관,생각하는 정원,제주시,한경면 저지리
박물관,석부작 박물관,서귀포시,호근동
박물관,세계술박물관,서귀포시,표선면 하천리
박물관,세계오지민속박물관,서귀포시,성산읍 난산리
박물관,세계자동차&피아노박물관,서귀포시,안덕면 상창리
박물관,세계조가비박물관,서귀포시,서홍동
박물관,소인국테마파크 전시관,서귀포시,안덕면 서광리
박물관,아프리카박물관,서귀포시,대포동
박물관,에코랜드,제주시,조천읍 대흘리
박물관,여미지식물원,서귀포시,색달동
박물관,이랜드뮤지엄,제주시,한림읍 귀덕리
박물관,일출랜드 식물원,서귀포시,성산읍 삼달리
박물관,제주민속촌,서귀포시,표선면 표선리
박물관,제주유리박물관,서귀포시,상예동
박물관,제주테디베어뮤지엄,서귀포시,색달동
박물관,제주 허브동산,서귀포시,표선면 표선리
박물관,제주 공룡랜드 전시관,제주시,애월읍 광령리
박물관,세계미니어처 전시관,제주시,조천읍 교래리
박물관,제주아이스뮤지엄 종합전시관,제주시,연동
박물관,제주옹기박물관,서귀포시,대정읍 무릉리
박물관,제주커피박물관바움,서귀포시,성산읍 고성리
박물관,제주항공우주박물관,서귀포시,안덕면 서광리
박물관,제주해양동물박물관,서귀포시,성산읍 수산리
박물관,조안베어뮤지엄,서귀포시,대포동
박물관,초콜릿박물관,서귀포,대정읍 일과리
박물관,카멜리아힐,서귀포시,안덕면 상창리
박물관,테지움사파리,제주시,애월읍 소길리
박물관,토이파크 뮤지엄,서귀포시,안덕면 동광리
박물관,피규어 뮤지엄제주,서귀포시,안덕면 상창리
박물관,한림공원,제주시,한림읍 협재리
박물관,헬로키티아일랜드,서귀포시,안덕면 상창리
박물관,휴애리,서귀포시,남원읍 신례리
박물관,SOS박물관,서귀포시,법환동
박물관,제주평화박물관(휴관),제주시,한경면 청수리
박물관,레오나르도 다빈치 과학박물관(휴관),서귀포시,안덕면 상천리
박물관,보석앤화석박물관(휴관),서귀포시,표선면 하천리
박물관,탐라신화공원,제주시,조천읍 선흘리
박물관,닥종이 인형 전시관,서귀포시,법환동
박물관,파파월드,제주시,애월읍 소길리
박물관,타임파크,제주시,한경면 저지리
박물관,제주대학교 박물관,제주시,아라일동
미술관,국립현대미술관(과천),과천시,막계동
미술관,국립현대미술관(서울),종로구,소격동
미술관,국립현대미술관(덕수궁),중구,정동
미술관,국립현대미술관 미술품수장센터(청주),청주시,내덕동
미술관,겸재정선미술관,강서구,가양동
미술관,남서울미술관,관악구,남현동
미술관,서울시립미술관,중구,서소문동
미술관,성북구립미술관,성북구,성북동
미술관,종로구립 박노수미술관,종로구,옥인동
미술관,종로구립 고희동미술관,종로구,원서동
미술관,63아트,영등포구,여의도동
미술관,JCC아트센터,종로구,혜화동
미술관,K현대미술관,강남구,신사동
미술관,OCI미술관,종로구,수송동
미술관,금호미술관,종로구,사간동
미술관,김세중미술관,용산구,효창동
미술관,대림미술관,종로구,통의동
미술관,디뮤지엄(대림미술관 분관),용산구,한남동
미술관,밀알미술관,강남구,일원동
미술관,사비나미술관,은평구,진관동
미술관,삼성미술관 Leeum,용산구,한남동
미술관,상원미술관,종로구,평창동
미술관,성곡미술관,종로구,신문로2가
미술관,세종문화회관 미술관,종로구,세종로
미술관,세화미술관,종로구,신문로1가
미술관,소마미술관,송파구,방이동
미술관,아라리오뮤지엄 인 스페이스,종로구,원서동
미술관,아르코미술관,종로구,동숭동
미술관,아모레퍼시픽미술관,용산구,한강로2가
미술관,아트선재센터,종로구,소격동
미술관,아트센터 나비 미술관,종로구,서린동
미술관,예술의전당 서울서예박물관,서초구,서초동
미술관,예술의전당 한가람디자인미술관,서초구,서초동
미술관,예술의전당 한가람미술관,서초구,서초동
미술관,유리지공예관,서초구,우면동
미술관,일민미술관,종로구,세종로
미술관,자하미술관,종로구,부암동
미술관,코리아나미술관,강남구,신사동
미술관,토탈미술관,종로구,평창동
미술관,포스코미술관,강남구,대치동
미술관,한미사진미술관,송파구,방이동
미술관,(재)한원미술관,서초구,서초동
미술관,헬로우뮤지움,성동구,성수동2가
미술관,환기미술관,종로구,부암동
미술관,롯데뮤지엄,송파구,신천동
미술관,서울과학기술대학교 미술관,노원구,공릉동
미술관,서울대학교 미술관,관악구,신림동
미술관,인덕대학교 아정미술관,노원구,월계동
미술관,한양여자대학교 미술관,성동구,사근동
미술관,숙명여자대학교 문신미술관,용산구,청파동2가
미술관,부산광역시립미술관,해운대구,우동
미술관,부산광역시현대미술관,사하구,하단동
미술관,DOT(디오티)미술관,금정구,장전동
미술관,고은사진미술관,해운대구,우동
미술관,킴스아트필드미술관,금정구,금성동
미술관,한광미술관,중구,중앙동4가
미술관,경성대학교 미술관,남구,대연동
미술관,동아대학교 석당미술관,서구,부민동2가
미술관,대구문화예술회관 미술관,달서구,성당동
미술관,대구미술관,수성구,삼덕동
미술관,경북대학교 미술관,북구,산격동
미술관,계명대학교 극재미술관,남구,대명동
미술관,인천광역시 송암미술관,미추홀구,학익동
미술관,인천아트플랫폼,중구,해안동1가
미술관,더리미미술관,강화군,선원면 신정리
미술관,전원미술관,강화군,송해면 솔정리
미술관,해든뮤지움,강화군,길상면 장흥리
미술관,광주시립미술관,북구,운암동
미술관,시화문화마을 금봉미술관,북구,각화동
미술관,양림미술관,남구,양림동
미술관,이강하 미술관,남구,양림동
미술관,국윤미술관,동구,소태동
미술관,드영미술관,동구,운림동
미술관,무등현대미술관,동구,운림동
미술관,소암미술관,남구,서동
미술관,우제길미술관,동구,운림동
미술관,은암미술관,동구,대의동
미술관,의재미술관,동구,운림동
미술관,주안미술관,동구,대인동
미술관,조선대학교 미술관,동구,서석동
미술관,광주대학교 호심미술관,남구,진월동
미술관,대전시립미술관,서구,만년동
미술관,이응노미술관,서구,만년동
미술관,성암미술관,유성구,봉명동
미술관,남철미술관(휴관),서구,괴정동
미술관,여진불교미술관(휴관),유성구,탑립동
미술관,경기도미술관,안산시,초지동
미술관,아람미술관,고양시,마두동
미술관,단원미술관,안산시,성포동
미술관,백남준아트센터,용인시,상갈동
미술관,성남큐브미술관,성남시,야탑동
미술관,수원시립아이파크미술관,수원시,신풍동
미술관,양주시립장욱진미술관,양주시,장흥면 석현리
미술관,양평군립미술관,양평군,양평읍 양근리
미술관,여주세계생활도자관,여주시,천송동
미술관,오산시립미술관,오산시,은계동
미술관,이천시립월전미술관,이천시,관고동
미술관,C아트뮤지엄,양평군,양동면 단석리
미술관,CICA미술관,김포시,양촌읍 학운리
미술관, 가일미술관,가평군,청평면 삼회리
미술관,구하우스 미술관,양평군,서종면 문호리
미술관,남송미술관,가평군,북면 백둔리
미술관,닻미술관,광주시,초월읍 대쌍령리
미술관,마가미술관,용인시,모현읍 동림리
미술관,맥아트미술관,안산시,대부남동
미술관,모란미술관,남양주시,화도읍 월산리
미술관,미누현대미술관,성남시,신흥동
미술관,미메시스 아트 뮤지엄,파주시,문발동
미술관,백영수미술관,의정부시,호원동
미술관,보름산미술관,김포시,고촌읍 신곡리
미술관,블루메미술관,파주시,탄현면 법흥리
미술관,서호미술관,남양주시,화도읍 금남리
미술관, 선바위미술관,과천시,과천동
미술관,설미재미술관,가평군,설악면 신천리
미술관,소전미술관,시흥시,대야동
미술관,아트센터화이트블럭,파주시,탄현면 법흥리
미술관,안상철미술관,양주시,백석읍 기산리
미술관,안젤리미술관,용인시,이동읍 묵리
미술관,어우재미술관,여주시,점동면 관한리
미술관,엄미술관,화성시,봉담읍 수기리
미술관,영은미술관,광주시,쌍령동
미술관,유리섬미술관,안산시,대부남동
미술관,이영미술관,용인시,영덕동
미술관,일지미술관,가평군,조종면 현리
미술관,정문규미술관,안산시,선감동
미술관,종이미술관,안산시,대부남동
미술관,죽포미술관,여주시,산북면 명품리
미술관,포마 자동차디자인미술관,고양시,향동동
미술관,한국미술관,용인시,마북동
미술관,해움미술관,수원시,교동
미술관,현대어린이책미술관 MOKA,성남시,백현동
미술관,소다미술관,화성시,안녕동
미술관,한향림도자미술관,파주시,탄현면 법흥리
미술관,한강뮤지엄,남양주시,와부읍 팔당리
미술관,Art Rin Museum,파주시,광탄면 기산리
미술관,DIMA 아트센터,안성시,삼죽면 진촌리
미술관,KUMA 계원예술대학교 미술관,의왕시,내손동
미술관,신구대학교 식물원 갤러리 우촌,성남시,상적동
미술관,강릉시립미술관,강릉시,교동
미술관,내설악예술인촌 공공미술관,인제군,북면 한계리
미술관,양구군립 박수근미술관,양구군,양구읍 정림리
미술관,진부령미술관,고성군,간성읍 흘리
미술관,KT&G 상상마당 춘천 아트갤러리,춘천시,삼천동
미술관,국제현대미술관,영월군,영월읍 삼옥리
미술관,권진규미술관(휴관),춘천시,동면 월곡리
미술관,내설악 백공미술관,인제군,북면 용대리
미술관,뮤지엄 산(청조갤러리),원주시,지정면 월송리
미술관,바우지움조각미술관,고성군,토성면 원암리
미술관,석봉도자기미술관,속초시,교동
미술관,오랜미래신화미술관,원주시,문막읍 취병리
미술관,월산미술관,동해시,삼화동
미술관,이상원미술관,춘천시,사북면 지암리
미술관,일현미술관,양양군,손양면 동호리
미술관,춘천미술관,춘천시,옥천동
미술관,쾌연재도자미술관,영월군,한반도면 옹정리
미술관,하슬라아트월드야외미술관,강릉시,강동면 정동진리
미술관,정선507미술관,정선군,정선읍 광하리
미술관,관아갤러리,충주시,성내동
미술관,진천군립생거판화미술관,진천군,진천읍 장관리
미술관,청주시립미술관,청주시,사직동
미술관,청주시립미술관 분관(대청호미술관),청주시,문의면 문산리
미술관,청주시 한국공예관,청주시,내덕동
미술관,성마루미술관,충주시,대소원면 장성리
미술관,쉐마미술관,청주시,내수읍 원통리
미술관,스페이스몸 미술관,청주시,가경동
미술관,신미술관(휴관),청주시,사직동
미술관,우민아트센터,청주시,북문로3가
미술관,운보미술관,청주시,내수읍 형동리
미술관,고암이응노생가기념관,홍성군,홍북읍 중계리
미술관,천안시립미술관,천안시,성남면 용원리
미술관,당림미술관,아산시,송악면 외암리
미술관,리각미술관,천안시,유량동
미술관,모산조형미술관,보령시,성주면 개화리
미술관,임립미술관,공주시,계룡면 기산리
미술관,수덕사 선미술관,예산군,덕산면 사천리
미술관,아미미술관,당진시,순성면 성북리
미술관,선화기독교미술관(휴관),논산시,벌곡면 한삼천리
미술관,남원시립김병종미술관,남원시,어현동
미술관,벽천미술관,김제시,부량면 신용리
미술관,순창공립미술관,순창군,순창읍 남계리
미술관,익산예술의전당미술관,익산시,어양동
미술관,전라북도립미술관,완주군,구이면 원기리
미술관,정읍시립미술관,정읍시,시기동
미술관,최북미술관,무주군,무주읍 당산리
미술관,W미술관,익산시,어양동
미술관,교동미술관,전주시,풍남동3가
미술관,금구원야외조각미술관,부안군,변산면 도청리
미술관,누벨백미술관,전주시,효자동2가
미술관,수지미술관,남원시,수지면 초리
미술관,예깊미술관,군산시,명산동
미술관,이당미술관,군산시,영화동
미술관,전주미술관,전주시,중앙동4가
미술관,휘목미술관,부안군,진서면 운호리
미술관,산속등대미술관,완주군,소양면 해월리
미술관,장수미술관,장수군,계남면 궁양리
미술관,남도전통미술관,진도군,의신면 사천리
미술관,노적봉예술공원 미술관,목포시,유달동
미술관,무안군오승우미술관,무안군,삼향읍 왕산리
미술관,보성군립백민미술관,보성군,문덕면 죽산리
미술관,영암군립하정웅미술관,영암군,군서면 서구림리
미술관,아산조방원미술관,곡성군,옥과면 옥과리
미술관,함평군립미술관,함평군,함평읍 수호리
미술관,화순군립석봉미술관,화순군,화순읍 동구리
미술관,갓바위미술관,목포시,명륜동
미술관,강진미술관,강진군,강진읍 동성리
미술관,경훈미술관,목포시,산정동
미술관,공예미술관 보임쉔,담양군,대전면 응용리
미술관,나절로미술관,진도군,임회면 상만리
미술관,남포미술관,고흥군,영남면 양사리
미술관,다산미술관,화순군,사평면 다산리
미술관,대담미술관,담양군,담양읍 향교리
미술관,도화헌미술관,고흥군,도화면 구암리
미술관,모긴미술관,순천시,황전면 선변리
미술관,섬인섬 연홍미술관,고흥군,금산면 신전리
미술관,소소미술관,화순군,도곡면 원화리
미술관,소아르미술관,화순군,화순읍 이십곡리
미술관,솔마루미술관,진도군,군내면 분토리
미술관,아천미술관,영암군,신북면 모산리
미술관,아트센터신선미술관,목포시,상동
미술관,여수미술관,여수시,학동
미술관,영산미술관,영암군,삼호읍 산호리
미술관,우종미술관,보성군,조성면 대곡리
미술관,잠월미술관,함평군,해보면 산내리
미술관,장전미술관,진도군,임회면 삼막리
미술관,진도현대미술관,진도군,진도읍 교동리
미술관,학명미술관,강진군,성전면 월남리
미술관,행촌미술관,해남군,해남읍 해리
미술관,경주솔거미술관,경주시,천군동
미술관,경주예술의전당 알천미술관,경주시,황성동
미술관,군립청송야송미술관,청송군,진보면 신촌리
미술관,김천시립미술관,김천시,황금동
미술관,포항시립미술관,포항시,환호동
미술관,시안미술관,영천시,화산면 가상리
미술관,신풍미술관,예천군,지보면 신풍리
미술관,영담한지미술관,청도군,운문면 방음리
미술관,우양미술관,경주시,신평동
미술관,향암미술관,울진군,온정면 소태리
미술관,대구가톨릭대학교 김종복미술관,경산시,하양읍 금락리
미술관,경남도립미술관,창원시,퇴촌동
미술관,김해문화의전당 윤슬미술관,김해시,내동
미술관,진주시립이성자미술관,진주시,충무공동
미술관,창원시립마산문신미술관,창원시,추산동
미술관,클레이아크김해미술관,김해시,진례면 송정리
미술관,대산미술관,창원시,대산면 유등리
미술관,리미술관,사천시,사천읍 평화리
미술관,전혁림미술관,통영시,봉평동
미술관,통영옻칠미술관,통영시,용남면 화삼리
미술관,우주미술관,사천시,정동면 고읍리
미술관,서귀포시기당미술관,서귀포시,서홍동
미술관,소암기념관,서귀포시,서귀동
미술관,이중섭미술관,서귀포시,서귀동
미술관,제주도립 김창열미술관,제주시,한림읍 월림리
미술관,제주도립미술관,제주시,연동
미술관,제주추사관,서귀포시,대정읍 안성리
미술관,제주현대미술관,제주시,한경면 저지리
미술관,그리스신화박물관,제주시,한림읍 금악리
미술관,김영갑갤러리두모악미술관,서귀포시,성산읍 삼달리
미술관,돌하르방미술관,제주시,조천읍 북촌리
미술관,박물관은살아있다,서귀포시,색달동
미술관,성안미술관,제주시,아라일동
미술관,아라리오뮤지엄 탑동시네마,제주시,삼도이동
미술관,왈종미술관,서귀포시,동홍동
미술관,유민미술관,서귀포시,성산읍 고성리
미술관,포토갤러리자연사랑미술관,서귀포시,표선면 가시리
미술관,러브랜드 미술관,제주시,연동
미술관,제주옹기숨미술관,제주시,해안동
미술관,제주유리의성,제주시,한경면 저지리
미술관,제주조각공원,서귀포시,안덕면 덕수리
미술관,빛의 벙커 (제주 성산 AMIEX 전시관),서귀포시,성산읍 고성리
미술관,김택화미술관,제주시,조천읍 신흥리
문예회관,강동아트센터,강동구,상일동
문예회관,강북문화예술회관,강북구,수유동
문예회관,관악문화관도서관,관악구,신림동
문예회관,나루아트센터,광진구,자양동
문예회관,구로아트밸리 예술극장,구로구,구로동
문예회관,금나래아트홀,금천구,시흥동
문예회관,노원문화예술회관,노원구,중계동
문예회관,마포아트센터,마포구,대흥동
문예회관,서대문문화체육회관,서대문구,홍은동
문예회관,서초문화예술회관,서초구,양재동
문예회관,성동문화회관,성동구,행당동
문예회관,성수문화복지회관,성동구,성수동1가
문예회관,양천문화회관,양천구,신정동
문예회관,영등포아트홀,영등포구,당산동3가
문예회관,용산아트홀,용산구,이태원동
문예회관,은평문화예술회관,은평구,녹번동
문예회관,충무아트센터,중구,흥인동
문예회관,종로문화체육센터,종로구,사직동
문예회관,재단법인 세종문화회관,종로구,세종로
문예회관,구로구민회관,구로구,구로동
문예회관,도봉구민회관,도봉구,창동
문예회관,금정문화회관,금정구,구서동
문예회관,부산문화회관,남구,대연동
문예회관,부산예술회관,남구,대연동
문예회관,부산시민회관,동구,범일동
문예회관,동래문화회관,동래구,명륜동
문예회관,부산광역시 북구 문화예술회관,북구,덕천동
문예회관,영도문화예술회관,영도구,동삼동
문예회관,해운대문화회관,해운대구,좌동
문예회관,영화의전당,해운대구,우동
문예회관,을숙도문화회관,사하구,하단동
문예회관,민주공원 공연장,중구,영주동
문예회관,대덕문화전당,남구,대명동
문예회관,아양아트센터,동구,효목동
문예회관,서구문화회관,서구,이현동
문예회관,대구오페라하우스,북구,칠성동2가
문예회관,어울아트센터,북구,관음동
문예회관,봉산문화회관,중구,봉산동
문예회관,대구콘서트하우스,중구,태평로2가
문예회관,수성아트피아,수성구,지산동
문예회관,웃는얼굴아트센터,달서구,장기동
문예회관,대구문화예술회관,달서구,성당동
문예회관,달성문화센터,달성군,다사읍 매곡리
문예회관,중구문화회관,중구,신흥동3가
문예회관,인천수봉문화회관,미추홀구,숭의동
문예회관,트라이보울,연수구,송도동
문예회관,아트센터 인천,연수구,송도동
문예회관,남동소래아트홀,남동구,논현동
문예회관,인천문화예술회관,남동구,구월동
문예회관,부평아트센터,부평구,십정동
문예회관,계양문화회관,계양구,계산동
문예회관,인천서구문화회관,서구,가정동
문예회관,강화문예회관,강화군,강화읍 국화리
문예회관,광주문화예술회관,북구,운암동
문예회관,서구문화센터,서구,금호동
문예회관,5·18기념문화센터,서구,쌍촌동
문예회관,광주남구문화예술회관,남구,봉선동
문예회관,빛고을시민문화관,남구,구동
문예회관,광산문화예술회관,광산구,송정동
문예회관,동구문화센터,동구,소태동
문예회관,대전예술의전당,서구,만년동
문예회관,대전시립연정국악원,서구,만년동
문예회관,관저문예회관,서구,관저동
문예회관,대전예술가의집,중구,문화동
문예회관,대덕문예회관,대덕구,읍내동
문예회관,울산문화예술회관,남구,달동
문예회관,중구문화의전당,중구,성안동
문예회관,꽃바위문화관,동구,방어동
문예회관,북구문화예술회관,북구,연암동
문예회관,울주문화예술회관,울주군,범서읍 천상리
문예회관,세종문화예술회관,세종특별자치시,조치원읍 침산리
문예회관,경기아트센터,수원시,인계동
문예회관,수원SK아트리움,수원시,정자동
문예회관,수원시민회관,수원시,매산로3가
문예회관,고양시문예회관,고양시,주교동
문예회관,고양아람누리,고양시,마두동
문예회관,고양어울림누리,고양시,성사동
문예회관,용인포은아트홀,용인시,죽전동
문예회관,용인시문예회관,용인시,김량장동
문예회관,문화예술원 마루홀,용인시,삼가동
문예회관,성남아트센터,성남시,야탑동
문예회관,부천시민회관,부천시,중동
문예회관,복사골문화센터,부천시,상동
문예회관,동탄복합문화센터,화성시,반송동
문예회관,유앤아이센터,화성시,병점동
문예회관,모두누림센터,화성시,남양읍 남양리
문예회관,안산문화예술의전당,안산시,고잔동
문예회관,다산아트홀,남양주시,다산동
문예회관,안앙아트센터,안양시,안양동
문예회관,평촌아트홀,안양시,호계동
문예회관,남부문화예술회관,평택시,비전동
문예회관,북부문화예술회관,평택시,서정동
문예회관,서부문화예술회관,평택시,안중읍 학현리
문예회관,파주시민회관,파주시,금촌동
문예회관,문산행복센터,파주시,문산읍 선유리
문예회관,운정행복센터,파주시,와동동
문예회관,솔가람아트홀,파주시,와동동
문예회관,의정부예술의전당,의정부시,의정부동
문예회관,김포아트홀,김포시,사우동
문예회관,남한산성아트홀,광주시,송정동
문예회관,광명시민회관,광명시,철산동
문예회관,군포문화예술회관,군포시,산본동
문예회관,하남문화예술회관,하남시,덕풍동
문예회관,오산문화예술회관,오산시,오산동
문예회관,양주시문화예술회관,양주시,광적면 광석리
문예회관,이천아트홀,이천시,중리동
문예회관,구리아트홀,구리시,교문동
문예회관,안성맞춤아트홀,안성시,현수동
문예회관,포천반월아트홀,포천시,군내면 하성북리
문예회관,양평군민회관,양평군,양평읍 양근리
문예회관,세종국악당,여주시,하동
문예회관,동두천시민회관,동두천시,상패동
문예회관,가평문화예술회관,가평군,가평읍 대곡리
문예회관,과천시민회관,과천시,중앙동
문예회관,연천수레울아트홀,연천군,연천읍 옥산리
문예회관,춘천문화예술회관,춘천시,효자동
문예회관,치악예술관,원주시,명륜동
문예회관,원주백운아트홀,원주시,무실동
문예회관,강릉단오제전수교육관,강릉시,노암동
문예회관,강릉아트센터,강릉시,교동
문예회관,동해문화예술회관,동해시,천곡동
문예회관,태백문화예술회관,태백시,황지동
문예회관,속초문화예술회관,속초시,영랑동
문예회관,삼척문화예술회관,삼척시,성남동
문예회관,홍천문화예술회관,홍천군,홍천읍 갈마곡리
문예회관,횡성문화예술회관,횡성군,횡성읍 읍하리
문예회관,영월문화예술회관,영월군,영월읍 영흥리
문예회관,평창문화예술회관,평창군,평창읍 종부리
문예회관,아리랑센터,정선군,정선읍 애산리
문예회관,정선군문화예술회관,정선군,정선읍 봉양리
문예회관,화강문화센터,철원군,서면 와수리
문예회관,화천문화예술회관,화천군,화천읍 하리
문예회관,양구문화복지센터,양구군,양구읍 상리
문예회관,인제하늘내린센터,인제군,인제읍 남북리
문예회관,고성군문화복지센터,고성군,거진읍 송포리
문예회관,양양문화복지회관,양양군,양양읍 연창리
문예회관,청주예술의전당,청주시,사직동
문예회관,청주아트홀,청주시,사직동
문예회관,충주문화회관,충주시,성내동
문예회관,제천시문화회관,제천시,화산동
문예회관,보은문화예술회관,보은군,보은읍 이평리
문예회관,옥천문화예술회관,옥천군,옥천읍 문정리
문예회관,영동복합문화예술회관,영동군,영동읍 매천리
문예회관,증평문화회관,증평군,증평읍 연탄리
문예회관,화랑관,진천군,진천읍 교성리
문예회관,괴산문화예술회관,괴산군,괴산읍 동부리
문예회관,음성문화예술회관,음성군,음성읍 읍내리
문예회관,단양문화예술회관,단양군,단양읍 별곡리
문예회관,계룡문화예술의전당,계룡시,엄사면 유동리
문예회관,공주문예회관,공주시,웅진동
문예회관,금산다락원,금산군,금산읍 중도리
문예회관,부여국악의전당,부여군,규암면 합정리
문예회관,서산시문화회관,서산시,읍내동
문예회관,청양문화예술회관,청양군,청양읍 송방리
문예회관,태안군문화예술회관,태안군,태안읍 동문리
문예회관,홍주문화회관,홍성군,홍성읍 옥암리
문예회관,논산문화예술회관,논산시,내동
문예회관,보령문화예술회관,보령시,명천동
문예회관,아산시평생학습관,아산시,용화동
문예회관,예산군문예회관,예산군,예산읍 예산리
문예회관,충청남도 문예회관,예산군,삽교읍 목리
문예회관,천안예술의전당,천안시,성남면 용원리
문예회관,천안시시민문화여성회관 신부문화회관,천안시,신부동
문예회관,"천안시민문화여성회관,성환문화회관",천안시,성환읍 성월리
문예회관,당진문예의전당,당진시,읍내동
문예회관,서천문예의전당,서천군,서천읍 군사리
문예회관,전주덕진예술회관,전주시,덕진동2가
문예회관,한국소리문화의전당,전주시,덕진동1가
문예회관,전라북도예술회관,전주시,화서동
문예회관,전주한벽문화관,전주시,교동
문예회관,군산예술의전당,군산시,지곡동
문예회관,솜리문화예술회관,익산시,마동
문예회관,익산예술의전당,익산시,어양동
문예회관,정읍사예술회관,정읍시,시기동
문예회관,연지아트홀,정읍시,연지동
문예회관,춘향문화예술회관,남원시,어현동
문예회관,김제문화예술회관,김제시,교동
문예회관,완주문화예술회관,완주군,용진읍 운곡리
문예회관,향토예술문화회관,완주군,삼례읍 신금리
문예회관,장수한누리전당,장수군,장수읍 두산리
문예회관,순창군 향토회관,순창군,순창읍 남계리
문예회관,고창문화의전당,고창군,고창읍 읍내리
문예회관,부안예술회관,부안군,부안읍 서외리
문예회관,목포문화예술회관,목포시,용해동
문예회관,목포시민문화체육센터,목포시,옥암동
문예회관,시민회관,여수시,광무동
문예회관,순천시문화예술회관,순천시,석현동
문예회관,나주문화에술회관,나주시,송월동
문예회관,광양문화예술회관,광양시,광양읍 우산리
문예회관,담양문화회관,담양군,담양읍 지침리
문예회관,곡성레저문화센터,곡성군,곡성읍 읍내리
문예회관,구례문화예술회관,구례군,구례읍 봉동리
문예회관,고흥문화회관,고흥군,고흥읍 호형리
문예회관,보성군문화예술회관,보성군,보성읍 보성리
문예회관,장흥문화예술회관,장흥군,장흥읍 남동리
문예회관,해남문화예술회관,해남군,해남읍 성내리
문예회관,승달문화예술회관,무안군,무안읍 교촌리
문예회관,영광예술의전당,영광군,영광읍 남천리
문예회관,장성문화예술회관,장성군,장성읍 기산리
문예회관,완도 문화예술의 전당,완도군,완도읍 가용리
문예회관,진도향토문화회관,진도군,진도읍 동외리
문예회관,강진아트홀,강진군,강진읍 남성리
문예회관,남도소리울림터,무안군,삼향읍 남악리
문예회관,GS칼텍스 예울마루,여수시,시전동
문예회관,포항문화예술회관,포항시,대도동
문예회관,대잠홀,포항시,대잠동
문예회관,중앙아트홀,포항시,덕산동
문예회관,경주예술의전당,경주시,황성동
문예회관,서라벌문화회관,경주시,사정동
문예회관,김천시문화예술회관,김천시,삼락동
문예회관,김천시립문화회관,김천시,남산동
문예회관,안동문화예술의전당,안동시,안흥동
문예회관,구미문화예술회관,구미시,송정동
문예회관,강동복지문화예술회관,구미시,구평동
문예회관,영주문화예술회관,영주시,가흥동
문예회관,영주시민회관,영주시,영주동
문예회관,영천시민회관,영천시,문외동
문예회관,상주문화회관,상주시,남성동
문예회관,문경문화예술회관,문경시,점촌동
문예회관,경산시민회관,경산시,계양동
문예회관,의성문화회관,의성군,의성읍 중리리
문예회관,청송문화예술회관,청송군,청송읍 금곡리
문예회관,영양군 문화체육센터,영양군,영양읍 서부리
문예회관,예주문화예술회관,영덕군,영해면 성내리
문예회관,대가야문화누리,고령군,대가야읍 지산리
문예회관,성주군문화예술회관,성주군,성주읍 성산리
문예회관,칠곡군 교육문화회관,칠곡군,왜관읍 석전리
문예회관,예천군문화회관,예천군,예천읍 서본리
문예회관,울진문화예술회관,울진군,후포면 삼율리
문예회관,울릉한마음회관,울릉군,울릉읍 도동리
문예회관,삼국유사문화회관,군위군,군위읍 동부리
문예회관,성산아트홀,창원시,용호동
문예회관,3∙15 아트센터,창원시,양덕동
문예회관,진해구민회관,창원시,태백동
문예회관,경상남도문화예술회관,진주시,칠암동
문예회관,통영시민문화회관,통영시,동호동
문예회관,통영국제음악당,통영시,도남동
문예회관,사천시문화에술회관,사천시,동림동
문예회관,김해문화의전당,김해시,내동
문예회관,김해서부문화센터,김해시,율하동
문예회관,밀양아리랑아트센터,밀양시,교동
문예회관,거제문화예술회관,거제시,장승포동
문예회관,양산문화예술회관,양산시,남부동
문예회관,의령군민문화회관,의령군,의령읍 동동리
문예회관,함안문화예술회관,함안군,가야읍 도항리
문예회관,창녕문화예술회관,창녕군,창녕읍 교리
문예회관,고성군문화체육센터,고성군,고성읍 기월리
문예회관,남해문화센터,남해군,남해읍 차산리
문예회관,하동문화예술회관,하동군,하동읍 읍내리
문예회관,산청문화예술회관,산청군,금서면 매촌리
문예회관,함양문화예술회관,함양군,함양읍 교산리
문예회관,거창군문화센터,거창군,거창읍 김천리
문예회관,합천군문화예술회관,합천군,합천읍 합천리
문예회관,제주특별자치도 문예회관,제주시,일도이동
문예회관,제주아트센터,제주시,오라이동
문예회관,서귀포예술의전당,서귀포시,서홍동
지방문화원,종로문화원,종로구,사간동
지방문화원,중구문화원,중구,장교동
지방문화원,용산문화원,용산구,원효로4가
지방문화원,성동문화원,성동구,행당동
지방문화원,광진문화원,광진구,구의동
지방문화원,동대문문화원,동대문구,용두동
지방문화원,중랑문화원,중랑구,면목동
지방문화원,성북문화원,성북구,동소문동1가
지방문화원,강북문화원,강북구,수유동
지방문화원,도봉문화원,도봉구,창동
지방문화원,노원문화원,노원구,공릉동
지방문화원,은평문화원,은평구,녹번동
지방문화원,서대문문화원,서대문구,홍은동
지방문화원,마포문화원,마포구,신공덕동
지방문화원,양천문화원,양천구,신정동
지방문화원,강서문화원,강서구,화곡동
지방문화원,구로문화원,구로구,고척동
지방문화원,금천문화원,금천구,시흥동
지방문화원,영등포문화원,영등포구,영등포동
지방문화원,동작문화원,동작구,상도동
지방문화원,관악문화원,관악구,신림동
지방문화원,서초문화원,서초구,양재동
지방문화원,강남문화원,강남구,역삼동
지방문화원,송파문화원,송파구,잠실동
지방문화원,강동문화원,강동구,천호동
지방문화원,서구문화원,서구,아미동2가
지방문화원,동구문화원,동구,수정동
지방문화원,영도문화원,영도구,동삼동
지방문화원,부산진문화원,부산진구,부암동
지방문화원,동래문화원,동래구,명륜동
지방문화원,남구문화원,남구,용호동
지방문화원,낙동문화원,북구,덕천동
지방문화원,해운대문화원,해운대구,재송동
지방문화원,사하문화원,사하구,하단동
지방문화원,금정문화원,금정구,구서동
지방문화원,강서문화원,강서구,대저1동
지방문화원,연제문화원,연제구,거제동
지방문화원,수영문화원,수영구,광안동
지방문화원,사상문화원,사상구,학장동
지방문화원,기장문화원,기장군,기장읍 청강리
지방문화원,중구문화원,중구,봉산동
지방문화원,동구팔공문화원,동구,백안동
지방문화원,서구문화원,서구,이현동
지방문화원,남구문화원,남구,대명동
지방문화원,북구문화원,북구,관음동
지방문화원,수성문화원,수성구,두산동
지방문화원,달서구문화원,달서구,장기동
지방문화원,달성문화원,달성군,현풍읍 상리
지방문화원,중구문화원,중구,신흥동3가
지방문화원,화도진문화원,동구,송림동
지방문화원,미추홀학산문화원,미추홀구,용현동
지방문화원,연수문화원,연수구,청학동
지방문화원,남동문화원,남동구,논현동
지방문화원,부평문화원,부평구,삼산동
지방문화원,계양문화원,계양구,계산동
지방문화원,서구문화원,서구,가정동
지방문화원,강화문화원,강화군,강화읍 남산리
지방문화원,옹진문화원,옹진군,신흥동3가
지방문화원,동구문화원,동구,궁동
지방문화원,서구문화원,서구,금호동
지방문화원,남구문화원,남구,봉선동
지방문화원,북구문화원,북구,중흥동
지방문화원,광산문화원,광산구,소촌동
지방문화원,동구문화원,동구,가오동
지방문화원,중구문화원,중구,대흥동
지방문화원,서구문화원,서구,탄방동
지방문화원,유성문화원,유성구,궁동
지방문화원,대덕문화원,대덕구,읍내동
지방문화원,중구문화원,중구,성남동
지방문화원,남구문화원,남구,달동
지방문화원,동구문화원,동구,화정동
지방문화원,북구문화원,북구,송정동
지방문화원,울주문화원,울주군,온양읍 고산리
지방문화원,세종문화원,세종특별자치시,조치원읍 교리
지방문화원,수원문화원,수원시,매산로3가
지방문화원,성남문화원,성남시,신흥동
지방문화원,의정부문화원,의정부시,신곡동
지방문화원,안양문화원,안양시,안양동
지방문화원,부천문화원,부천시,송내동
지방문화원,광명문화원,광명시,하안동
지방문화원,평택문화원,평택시,비전동
지방문화원,동두천문화원,동두천시,상패동
지방문화원,안산문화원,안산시,사동
지방문화원,고양문화원,고양시,대화동
지방문화원,과천문화원,과천시,문원동
지방문화원,구리문화원,구리시,인창동
지방문화원,남양주문화원,남양주시,금곡동
지방문화원,오산문화원,오산시,오산동
지방문화원,시흥문화원,시흥시,하중동
지방문화원,군포문화원,군포시,당정동
지방문화원,의왕문화원,의왕시,오전동
지방문화원,하남문화원,하남시,덕풍동
지방문화원,용인문화원,용인시,삼가동
지방문화원,파주문화원,파주시,와동동
지방문화원,이천문화원,이천시,중리동
지방문화원,안성문화원,안성시,보개면 양복리
지방문화원,김포문화원,김포시,운양동
지방문화원,화성문화원,화성시,향남읍 행정리
지방문화원,광주문화원,광주시,경안동
지방문화원,양주문화원,양주시,광적면 가납리
지방문화원,포천문화원,포천시,신읍동
지방문화원,여주문화원,여주시,천송동
지방문화원,연천문화원,연천군,연천읍 현가리
지방문화원,가평문화원,가평군,가평읍 대곡리
지방문화원,양평문화원,양평군,양평읍 양근리
지방문화원,춘천문화원,춘천시,퇴계동
지방문화원,원주문화원,원주시,원동
지방문화원,강릉문화원,강릉시,교동
지방문화원,동해문화원,동해시,천곡동
지방문화원,태백문화원,태백시,황지동
지방문화원,속초문화원,속초시,영랑동
지방문화원,삼척문화원,삼척시,읍중동
지방문화원,홍천문화원,홍천군,홍천읍 연봉리
지방문화원,횡성문화원,횡성군,횡성읍 읍하리
지방문화원,영월문화원,영월군,영월읍 영흥리
지방문화원,평창문화원,평창군,평창읍 종부리
지방문화원,정선문화원,정선군,정선읍 봉양리
지방문화원,철원문화원,철원군,갈말읍 신철원리
지방문화원,화천문화원,화천군,화천읍 하리
지방문화원,양구문화원,양구군,양구읍 상리
지방문화원,인제문화원,인제군,인제읍 남북리
지방문화원,고성문화원,고성군,간성읍 하리
지방문화원,양양문화원,양양군,양양읍 서문리
지방문화원,청주문화원,청주시,방서동
지방문화원,충주문화원,충주시,칠금동
지방문화원,제천문화원,제천시,중앙로2가
지방문화원,보은문화원,보은군,보은읍 이평리
지방문화원,옥천문화원,옥천군,옥천읍 문정리
지방문화원,영동문화원,영동군,영동읍 계산리
지방문화원,증평문화원,증평군,증평읍 장동리
지방문화원,진천문화원,진천군,진천읍 교성리
지방문화원,괴산문화원,괴산군,괴산읍 동부리
지방문화원,음성문화원,음성군,음성읍 읍내리
지방문화원,단양문화원,단양군,단양읍 별곡리
지방문화원,천안시동남구문화원,천안시,병천면 병천리
지방문화원,천안시서북구문화원,천안시,성환읍 성환리
지방문화원,공주문화원,공주시,반죽동
지방문화원,보령문화원,보령시,대천동
지방문화원,온양문화원,아산시,온천동
지방문화원,서산문화원,서산시,읍내동
지방문화원,논산문화원,논산시,지산동
지방문화원,당진문화원,당진시,읍내동
지방문화원,금산문화원,금산군,금산읍 중도리
지방문화원,부여문화원,부여군,부여읍 동남리
지방문화원,서천문화원,서천군,서천읍 사곡리
지방문화원,청양문화원,청양군,청양읍 읍내리
지방문화원,홍성문화원,홍성군,홍성읍 고암리
지방문화원,예산문화원,예산군,예산읍 대회리
지방문화원,태안문화원,태안군,태안읍 동문리
지방문화원,전주문화원,전주시,진북동
지방문화원,군산문화원,군산시,나운동
지방문화원,익산문화원,익산시,어양동
지방문화원,정읍문화원,정읍시,연지동
지방문화원,남원문화원,남원시,하정동
지방문화원,김제문화원,김제시,서암동
지방문화원,완주문화원,완주군,고산면 읍내리
지방문화원,진안문화원,진안군,진안읍 군하리
지방문화원,무주문화원,무주군,무주읍 당산리
지방문화원,장수문화원,장수군,장수읍 두산리
지방문화원,임실문화원,임실군,임실읍 이도리
지방문화원,순창문화원,순창군,순창읍 남계리
지방문화원,고창문화원,고창군,고창읍 교촌리
지방문화원,부안문화원,부안군,부안읍 서외리
지방문화원,목포문화원,목포시,상락동1가
지방문화원,여수문화원,여수시,종화동
지방문화원,순천문화원,순천시,장천동
지방문화원,나주문화원,나주시,송월동
지방문화원,광양문화원,광양시,광양읍 읍내리
지방문화원,담양문화원,담양군,담양읍 천변리
지방문화원,곡성문화원,곡성군,곡성읍 읍내리
지방문화원,구례문화원,구례군,구례읍 봉동리
지방문화원,고흥문화원,고흥군,고흥읍 호형리
지방문화원,보성문화원,보성군,보성읍 보성리
지방문화원,화순문화원,화순군,화순읍 교리
지방문화원,장흥문화원,장흥군,장흥읍 남동리
지방문화원,강진문화원,강진군,강진읍 남성리
지방문화원,해남문화원,해남군,해남읍 수성리
지방문화원,영암문화원,영암군,영암읍 교동리
지방문화원,무안문화원,무안군,무안읍 교촌리
지방문화원,함평문화원,함평군,함평읍 기각리
지방문화원,영광문화원,영광군,영광읍 무령리
지방문화원,장성문화원,장성군,장성읍 기산리
지방문화원,완도문화원,완도군,완도읍 가용리
지방문화원,진도문화원,진도군,진도읍 동외리
지방문화원,신안문화원,신안군,만호동
지방문화원,포항문화원,포항시,우현동
지방문화원,경주문화원,경주시,동부동
지방문화원,김천문화원,김천시,남산동
지방문화원,안동문화원,안동시,동부동
지방문화원,구미문화원,구미시,선산읍 동부리
지방문화원,영주문화원,영주시,가흥동
지방문화원,영천문화원,영천시,창구동
지방문화원,상주문화원,상주시,남성동
지방문화원,문경문화원,문경시,점촌동
지방문화원,경산문화원,경산시,서상동
지방문화원,군위문화원,군위군,군위읍 서부리
지방문화원,의성문화원,의성군,의성읍 철파리
지방문화원,청송문화원,청송군,청송읍 금곡리
지방문화원,영양문화원,영양군,영양읍 서부리
지방문화원,영덕문화원,영덕군,영덕읍 화개리
지방문화원,청도문화원,청도군,화양읍 범곡리
지방문화원,고령문화원,고령군,대가야읍 지산리
지방문화원,성주문화원,성주군,성주읍 경산리
지방문화원,칠곡문화원,칠곡군,왜관읍 왜관리
지방문화원,예천문화원,예천군,예천읍 서본리
지방문화원,봉화문화원,봉화군,봉화읍 내성리
지방문화원,울진문화원,울진군,울진읍 연지리
지방문화원,울릉문화원,울릉군,울릉읍 도동리
지방문화원,창원문화원,창원시,용호동
지방문화원,마산문화원,창원시,중앙동2가
지방문화원,진해문화원,창원시,통신동
지방문화원,진주문화원,진주시,남성동
지방문화원,통영문화원,통영시,문화동
지방문화원,사천문화원,사천시,벌리동
지방문화원,김해문화원,김해시,외동
지방문화원,밀양문화원,밀양시,삼문동
지방문화원,거제문화원,거제시,장승포동
지방문화원,양산문화원,양산시,북정동
지방문화원,의령문화원,의령군,의령읍 동동리
지방문화원,함안문화원,함안군,가야읍 도항리
지방문화원,창녕문화원,창녕군,창녕읍 교상리
지방문화원,고성문화원,고성군,고성읍 교사리
지방문화원,남해문화원,남해군,남해읍 차산리
지방문화원,하동문화원,하동군,하동읍 읍내리
지방문화원,산청문화원,산청군,산청읍 지리
지방문화원,함양문화원,함양군,함양읍 교산리
지방문화원,거창문화원,거창군,거창읍 장팔리
지방문화원,합천문화원,합천군,합천읍 합천리
지방문화원,제주문화원,제주시,삼도이동
지방문화원,서귀포문화원,서귀포시,서귀동
지역문화재단,서울문화재단,종로구,동숭동
지역문화재단,부산문화재단,남구,감만동
지역문화재단,대구문화재단,중구,대봉동
지역문화재단,인천문화재단,중구,해안동2가
지역문화재단,광주문화재단,남구,구동
지역문화재단,대전문화재단,중구,문화동
지역문화재단,울산문화재단,남구,신정동
지역문화재단,세종시문화재단,세종특별자치시,어진동
지역문화재단,경기문화재단,수원시 팔달구,인계동
지역문화재단,강원문화재단,춘천시,소양로3가
지역문화재단,충북문화재단,청주시 청원구,우암동
지역문화재단,충남문화재단,홍성군,홍북읍 신경리
지역문화재단,전라남도문화관광재단,무안군,삼향읍 남악리
지역문화재단,전라북도문화관광재단,전주시 완산구,경원동1가
지역문화재단,경남문화예술진흥원,합천군,덕곡면 학리
지역문화재단,제주문화예술재단,제주시,이도일동
지역문화재단,경북문화재단,예천군,호명면 산합리
지역문화재단,중구문화재단,중구,흥인동
지역문화재단,구로문화재단,구로구,구로동
지역문화재단,마포문화재단,마포구,대흥동
지역문화재단,강남문화재단,강남구,삼성동
지역문화재단,성북문화재단,성북구,돈암동
지역문화재단,영등포문화재단,영등포구,당산동3가
지역문화재단,종로문화재단,종로구,동숭동
지역문화재단,서초문화재단,서초구,반포동
지역문화재단,성동문화재단,성동구,행당동
지역문화재단,광진문화재단,광진구,자양동
지역문화재단,강북문화재단,강북구,수유동
지역문화재단,도봉문화재단,도봉구,창동
지역문화재단,은평문화재단,은평구,녹번동
지역문화재단,금천문화재단,금천구,시흥동
지역문화재단,동대문문화재단,동대문구,제기동
지역문화재단,동작문화재단,동작구,흑석동
지역문화재단,노원문화재단,노원구,중계동
지역문화재단,관악문화재단,관악구,신림동
지역문화재단,양천문화재단,양천구,신정동
지역문화재단,송파문화재단,송파구,송파동
지역문화재단,강동문화재단,강동구,상일동
지역문화재단,부천문화재단,부천시,상동
지역문화재단,고양문화재단,고양시,성사동
지역문화재단,성남문화재단,성남시,야탑동
지역문화재단,하남문화재단,하남시,덕풍동
지역문화재단,화성시문화재단,화성시,반송동
지역문화재단,안양문화예술재단,안양시,안양동
지역문화재단,용인문화재단,용인시,죽전동
지역문화재단,수원문화재단,수원시,남창동
지역문화재단,오산문화재단,오산시,은계동
지역문화재단,안산문화재단,안산시,고잔동
지역문화재단,군포문화재단,군포시,산본동
지역문화재단,김포문화재단,김포시,사우동
지역문화재단,광명문화재단,광명시,철산동
지역문화재단,여주세종문화재단,여주시,연양동
지역문화재단,의정부문화재단,의정부시,의정부동
지역문화재단,부평구문화재단,부평구,십정동
지역문화재단,서구문화재단,인천서구,가정동
지역문화재단,연수문화재단,연수구,옥련동
지역문화재단,도심재생문화재단,중구,동문동
지역문화재단,수성문화재단,수성구,범어동
지역문화재단,달성문화재단,달성군,다사읍 매곡리
지역문화재단,대구동구문화재단,동구,효목동
지역문화재단,달서문화재단,달서구,장기동
지역문화재단,행복북구문화재단,북구,관음동
지역문화재단,금정문화재단,금정구,구서동
지역문화재단,고래문화재단,남구,매암동
지역문화재단,안동축제관광재단,안동시,운흥동
지역문화재단,경주문화재단,경주시,황성동
지역문화재단,청송문화관광재단,청송군,주왕산면 하의리
지역문화재단,청도우리정신문화재단,청도군,운문면 방지리
지역문화재단,영양축제관광재단,영양군,영양읍 서부리
지역문화재단,영주문화관광재단,영주시,휴천동
지역문화재단,포항문화재단,포항시,대도동
지역문화재단,거제시문화예술재단,거제시,장승포동
지역문화재단,김해문화재단,김해시,내동
지역문화재단,창원문화재단,창원시,용호동
지역문화재단,사천문화재단,사천시,대방동
지역문화재단,밀양문화재단,밀양시,교동
지역문화재단,거창문화재단,거창군,거창읍 김천리
지역문화재단,전주문화재단,전주시,교동
지역문화재단,익산문화관광재단,익산시,동산동
지역문화재단,완주문화재단,완주군,용진읍 운곡리
지역문화재단,고창문화관광재단,고창군,고창읍 읍내리
지역문화재단,영암문화재단,영암군,영암읍 회문리
지역문화재단,목포문화재단,목포시,남교동
지역문화재단,담양군문화재단,담양군,담양읍 지침리
지역문화재단,강진군문화관광재단,강진군,강진읍 남성리
지역문화재단,순천문화재단,순천시,영동
지역문화재단,강릉문화재단,강릉시,명주동
지역문화재단,정선아리랑문화재단,정선군,정선읍 애산리
지역문화재단,춘천시문화재단,춘천시,효자동
지역문화재단,인제군문화재단,인제군,인제읍 남북리
지역문화재단,원주문화재단,원주시,명륜동
지역문화재단,평창문화예술재단,평창군,진부면 하진부리
지역문화재단,영월문화재단,영월군,영월읍 영흥리
지역문화재단,홍천문화재단,홍천군,홍천읍 갈마곡리
지역문화재단,횡성문화재단,횡성군,횡성읍 읍하리
지역문화재단,태백시문화재단,태백시,황지동
지역문화재단,청주시문화산업진흥재단,청주시,내덕동
지역문화재단,충주중원문화재단,충주시,성내동
지역문화재단,영동축제관광재단,영동군,영동읍 매천리
지역문화재단,제천문화재단,제천시,청전동
지역문화재단,아산문화재단,아산시,염치읍 송곡리
지역문화재단,천안문화재단,천안시,성정동
지역문화재단,당진문화재단,당진시,읍내동
생활문화센터,가산 생활문화센터,금천구,가산동
생활문화센터,은평 생활문화센터,은평구,갈현동
생활문화센터,체부동 생활문화센터,종로구,체부동
생활문화센터,범일 생활문화센터,동구,범일동
생활문화센터,좌천 생활문화센터,동구,좌천동
생활문화센터,초량 생활문화센터,동구,초량동
생활문화센터,양정1동 생활문화센터,부산진구,양정동
생활문화센터,전포 생활문화센터,부산진구,전포동
생활문화센터,금곡동 생활문화센터,북구,금곡동
생활문화센터,감전 생활문화센터,사상구,감전동
생활문화센터,두송 생활문화센터,사하구,다대동
생활문화센터,충무동 생활문화센터,서구,토성동5가
생활문화센터,동대신3동 생활문화센터,서구,동대신동3가
생활문화센터,수영구 생활문화센터,수영구,광안동
생활문화센터,구락 생활문화센터,수영구,망미동
생활문화센터,깡깡이 생활문화센터,영도구,대평동1가
생활문화센터,40계단문화관 생활문화센터,중구,동광동5가
생활문화센터,부산 생활문화센터 (한성1918),중구,동광동3가
생활문화센터,대덕문화전당 대덕생활문화센터,남구,대명동
생활문화센터,대명 생활문화센터,남구,대명동
생활문화센터,달서 생활문화센터 장기점,달서구,장기동
생활문화센터,달서 생활문화센터 송현점,달서구,송현동
생활문화센터,서재 행복 생활문화센터,달성군,다사읍 서재리
생활문화센터,행복북구 생활문화센터,북구,관음동
생활문화센터,비산5동 생활문화센터,서구,비산동
생활문화센터,학산 생활문화센터 마당,미추홀구,용현동
생활문화센터,솔마루 생활문화센터,동구,송현동
생활문화센터,부평생활문화센터 공감168,부평구,십정동
생활문화센터,진달래 생활문화센터,연수구,청학동
생활문화센터,자월면 생활문화센터,옹진군,자월면 자월리
생활문화센터,북도면 생활문화센터,옹진군,북도면 시도리
생활문화센터,인천 생활문화센터 칠통마당,중구,해안동1가
생활문화센터,개항장 문화마당 생활문화센터,중구,선린동
생활문화센터,광산 생활문화센터,광산구,소촌동
생활문화센터,남구 생활문화센터,남구,봉선동
생활문화센터,농성문화의집 생활문화센터,서구,농성동
생활문화센터,광주 서구 생활문화센터,서구,금호동
생활문화센터,치평 생활문화센터,서구,치평동
생활문화센터,서창 생활문화센터,서구,세하동
생활문화센터,북구 생활문화센터,북구,중흥동
생활문화센터,둔산1동 생활문화센터,서구,둔산동
생활문화센터,대전시립미술관 생활문화센터,서구,만년동
생활문화센터,한밭도서관 생활문화센터,중구,문화동
생활문화센터,울산북구 생활문화센터,북구,양정동
생활문화센터,울주 생활문화센터,울주군,두서면 인보리
생활문화센터,중구 생활문화센터,중구,옥교동
생활문화센터,조치원 생활문화센터,세종특별자치시,조치원읍 교리
생활문화센터,부강 생활문화센터,세종특별자치시,부강면 부강리
생활문화센터,아람마당 생활문화센터,고양시,마두동
생활문화센터,호수마당 생활문화센터,고양시,장항동
생활문화센터,월곶 생활문화센터,김포시,월곶면 군하리
생활문화센터,동두천 생활문화센터,동두천시,생연동
생활문화센터,오정 생활문화센터,부천시,오정동
생활문화센터,소사 생활문화센터,부천시,소사본동
생활문화센터,서현문화의집 생활문화센터,성남시,서현동
생활문화센터,수원 생활문화센터,수원시,매산로3가
생활문화센터,지동 창룡마을 창작센터,수원시,지동
생활문화센터,경기 생활문화센터,수원시,서둔동
생활문화센터,777 생활문화센터,양주시,장흥면 일영리
생활문화센터,보정역 생활문화센터,용인시,보정동
생활문화센터,현덕 생활문화센터,평택시,현덕면 인광리
생활문화센터,화성시 생활문화센터,화성시,향남읍 도이리
생활문화센터,군포시 생활문화센터,군포시,산본동
생활문화센터,임당 생활문화센터,강릉시,임당동
생활문화센터,동해시 생활문화센터,동해시,천곡동
생활문화센터,동면 생활문화센터,양구군,동면 임당리
생활문화센터,한반도 생활문화센터,영월군,한반도면 신천리
생활문화센터,덕포 생활문화센터,영월군,영월읍 덕포리
생활문화센터,원주 생활문화센터,원주시,일산동
생활문화센터,판부 생활문화센터,원주시,관설동
생활문화센터,화강 생활문화센터,철원군,서면 와수리
생활문화센터,아르숲 생활문화센터,춘천시,효자동
생활문화센터,달빛 생활문화센터,평창군,봉평면 덕거리
생활문화센터,화천 생활문화센터,화천군,하남면 용암리
생활문화센터,괴산 생활문화센터,괴산군,괴산읍 동부리
생활문화센터,청주 생활문화센터,청주시,내덕동
생활문화센터,충주 생활문화센터,충주시,교현동
생활문화센터,금산 어깨동무 생활문화센터,금산군,금산읍 하옥리
생활문화센터,당진 생활문화센터,당진시,읍내동
생활문화센터,웅천 생활문화센터,보령시,웅천읍 대창리
생활문화센터,부여 생활문화센터,부여군,부여읍 동남리
생활문화센터,서산 생활문화센터,서산시,석남동
생활문화센터,온양문화원 온양생활문화센터,아산시,온천동
생활문화센터,배방 생활문화센터,아산시,배방읍 공수리
생활문화센터,태안 생활문화센터,태안군,태안읍 남문리
생활문화센터,고창 생활문화센터,고창군,고창읍 읍내리
생활문화센터,김제 생활문화센터,김제시,교동
생활문화센터,구이 생활문화센터,완주군,구이면 원기리
생활문화센터,동상 생활문화센터,완주군,동상면 신월리
생활문화센터,삼례 생활문화센터,완주군,삼례읍 삼례리
생활문화센터,장수한누리전당 생활문화센터,장수군,장수읍 두산리
생활문화센터,삼천문화의집 삼천생활문화센터,전주시,삼천동1가
생활문화센터,진북문화의집 진북생활문화센터,전주시,진북동
생활문화센터,효자문화의집 효자생활문화센터,전주시,효자동1가
생활문화센터,인후문화의집 인후생활문화센터,전주시,인후동1가
생활문화센터,우아문화의집 생활문화센터,전주시,우아동3가
생활문화센터,정읍시 생활문화센터,정읍시,신태인읍 신태인리
생활문화센터,진안 청소년 생활문화센터,진안군,진안읍 군하리
생활문화센터,광양시 생활문화센터,광양시,광양읍 칠성리
생활문화센터,겸백 생활문화센터,보성군,겸백면 석호리
생활문화센터,조성면 생활문화센터,보성군,조성면 조성리
생활문화센터,순천 생활문화센터 영동1번지,순천시,영동
생활문화센터,여수 예술인촌 생활문화센터,여수시,화양면 옥적리
생활문화센터,천관문학관 생활문화센터,장흥군,대덕읍 연지리
생활문화센터,문내 생활문화센터,해남군,문내면 동외리
생활문화센터,계곡 생활문화센터,해남군,계곡면 성진리
생활문화센터,화순군 생활문화센터,화순군,화순읍 교리
생활문화센터,화순읍 생활문화센터,화순군,화순읍 삼천리
생활문화센터,경산 생활문화센터,경산시,서상동
생활문화센터,군위 생활문화센터,군위군,군위읍 서부리
생활문화센터,상주 생활문화센터,상주시,남장동
생활문화센터,성주 생활문화센터,성주군,금수면 광산리
생활문화센터,영덕 생활문화센터,영덕군,영덕읍 덕곡리
생활문화센터,예주 생활문화센터,영덕군,영해면 성내리
생활문화센터,영천문화원 생활문화센터,영천시,창구동
생활문화센터,구룡포 생활문화센터,포항시,구룡포읍 구룡포리
생활문화센터,하성 단노을 생활문화센터,거창군,웅양면 한기리
생활문화센터,남해 생활문화센터,남해군,남해읍 서변리
생활문화센터,백산마을 생활문화센터,밀양시,하남읍 백산리
생활문화센터,신안마을 생활문화센터,밀양시,상동면 안인리
생활문화센터,기산리 생활문화센터,밀양시,상남면 기산리
생활문화센터,덕산문화의집 생활문화센터,산청군,시천면 사리
생활문화센터,중앙 생활문화센터,창원시,중앙동
생활문화센터,악양 생활문화센터,하동군,악양면 축지리
생활문화센터,영평하동 알무드내 생활문화센터,제주시,영평동
생활문화센터,내도동 생활문화센터,제주시,내도동
생활문화센터,종달리 생활문화센터,제주시,구좌읍 종달리
생활문화센터,우도 생활문화센터,제주시,우도면 연평리
생활문화센터,해안동 생활문화센터,제주시,해안동
문화의집,응암1동문화의집,은평구,응암동
문화의집,갈현1동문화의집,은평구,갈현동
문화의집,화곡문화의집,강서구,화곡동
문화의집,노원문화의집,노원구,상계동
문화의집,목2동문화의집,양천구,목동
문화의집,연수구문화의집,연수구,동춘동
문화의집,일곡문화의집,북구,일곡동
문화의집,북구문화의집,북구,문흥동
문화의집,각화문화의집,북구,각화동
문화의집,농성문화의집,서구,농성동
문화의집,신탄진문화의집,대덕구,신탄진동
문화의집,회덕문화의집,대덕구,읍내동
문화의집,송촌문화의집,대덕구,송촌동
문화의집,울산중구문화의집,중구,유곡동
문화의집,농소3동문화의집,북구,상안동
문화의집,신정2동문화의집,남구,신정동
문화의집,울주문화의집,울주군,온산읍 덕신리
문화의집,성남문화의집,성남시,신흥동
문화의집,서현문화의집,성남시,서현동
문화의집,진접문화의집,남양주시,진접읍 장현리
문화의집,광명문화의집,광명시,광명동
문화의집,하안문화의집,광명시,하안동
문화의집,향남문화의집,화성시,향남읍 행정리
문화의집,봉담문화의집,화성시,봉담읍 상리
문화의집,의왕문화의집,의왕시,오전동
문화의집,고양문화의집,고양시,탄현동
문화의집,역곡문화의집,부천시,역곡동
문화의집,강릉문화의집,강릉시,교동
문화의집,주문진문화의집,강릉시,주문진읍 교항리
문화의집,원주문화의집,원주시,원동
문화의집,판부문화의집,원주시,관설동
문화의집,태백문화의집,태백시,장성동
문화의집,고성문화의집,고성군,간성읍 하리
문화의집,청주문화의집,청주시,석교동
문화의집,흥덕문화의집,청주시,사직동
문화의집,제천문화의집,제천시,중앙로2가
문화의집,영동문화의집,영동군,영동읍 계산리
문화의집,증평문화의집,증평군,증평읍 장동리
문화의집,진천문화의집,진천군,덕산읍 산수리
문화의집,단양문화의집,단양군,단양읍 도전리
문화의집,주산문화의집,보령시,주산면 금암리
문화의집,추부문화의집,금산군,추부면 마전리
문화의집,금산문화의집,금산군,금산읍 하옥리
문화의집,당진문화의집,당진시,읍내동
문화의집,계룡문화의집,계룡시,신도안면 남선리
문화의집,유구문화의집,공주시,유구읍 백교리
문화의집,인후문화의집,전주시,인후동1가
문화의집,우아문화의집,전주시,우아동3가
문화의집,진북문화의집,전주시,진북동
문화의집,효자문화의집,전주시,효자동1가
문화의집,삼천문화의집,전주시,삼천동1가
문화의집,정읍문화의집,정읍시,연지동
문화의집,완주문화의집,완주군,삼례읍 삼례리
문화의집,이서문화의집,완주군,이서면 갈산리
문화의집,진안문화의집,진안군,진안읍 군하리
문화의집,전통문화의집,무주군,무주읍 읍내리
문화의집,관촌문화의집,임실군,관촌면 관촌리
문화의집,순창문화의집,순창군,순창읍 남계리
문화의집,해남문화의집,해남군,해남읍 성내리
문화의집,영암삼호문화의집,영암군,삼호읍 용당리
문화의집,무안문화의집,무안군,무안읍 교촌리
문화의집,전남장애인문화의집,나주시,삼영동
문화의집,동해문화의집,포항시,동해면 도구리
문화의집,기계문화의집,포항시,기계면 현내리
문화의집,김천문화의집,김천시,남산동
문화의집,선산문화의집,구미시,선산읍 동부리
문화의집,풍기문화의집,영주시,풍기읍 동부리
문화의집,영양문화의집,영양군,영양읍 서부리
문화의집,내서문화의집,창원시,내서읍 중리
문화의집,경화문화의집,창원시,경화동
문화의집,웅동문화의집,창원시,용원동
문화의집,통영문화의집,통영시,산양읍 남평리
문화의집,욕지문화의집,통영시,욕지면 동항리
문화의집,김해문화의집,김해시,부원동
문화의집,내외문화의집,김해시,내동
문화의집,진영문화의집,김해시,진영읍 여래리
문화의집,안동문화의집,김해시,안동
문화의집,덕산문화의집,산청군,시천면 사리
문화의집,진교문화의집,하동군,진교면 진교리
문화의집,상북문화의집,양산시,상북면 석계리
문화의집,하북문화의집,양산시,하북면 순지리
문화의집,삼성문화의집,양산시,북정동
문화의집,일도1동문화의집,제주시,일도일동
문화의집,일도2동문화의집,제주시,일도이동
문화의집,이도2동문화의집,제주시,이도이동
문화의집,삼도2동문화의집,제주시,삼도이동
문화의집,연동문화의집,제주시,연동
문화의집,봉개동문화의집,제주시,봉개동
문화의집,용담2동문화의집,제주시,용담이동
문화의집,해안동문화의집,제주시,해안동
문화의집,하귀문화의집,제주시,애월읍 하귀2리
문화의집,신촌문화의집,제주시,조천읍 신촌리
문화의집,고산문화의집,제주시,한경면 고산리
문화의집,성산일출문화의집,서귀포시,성산읍 오조리
문화의집,표선문화의집,서귀포시,표선면 표선리
문화의집,안덕산방문화의집,서귀포시,안덕면 화순리
문화의집,보목문화의집,서귀포시,보목동
문화의집,중문문화의집,서귀포시,중문동
문화의집,대륜문화의집,서귀포시,법환동
문화의집,무릉문화의집,서귀포시,대정읍 무릉리
문화의집,위미문화의집,서귀포시,남원읍 위미리
